ISO-10303-21;
HEADER;
/* Generated by software containing ST-Developer
 * from STEP Tools, Inc. (www.steptools.com) 
 */
/* OPTION: using custom renumber hook */

FILE_DESCRIPTION(
/* description */ ('STEP AP242',
'CAx-IF Rec.Pracs.---Representation and Presentation of Product Manufa
cturing Information (PMI)---4.0---2014-10-13',
'CAx-IF Rec.Pracs.---3D Tessellated Geometry---0.4---2014-09-14','2;1'),

/* implementation_level */ '2;1');

FILE_NAME(
/* name */ '687c1a7b8a9fad29d9a1432a',
/* time_stamp */ '2025-07-19T22:21:48Z',
/* author */ (''),
/* organization */ (''),
/* preprocessor_version */ 'ST-DEVELOPER v20',
/* originating_system */ 'ONSHAPE BY PTC INC, 1.201',
/* authorisation */ '  ');

FILE_SCHEMA (('AP242_MANAGED_MODEL_BASED_3D_ENGINEERING_MIM_LF { 1 0 10303 442 1 1 4 }'));
ENDSEC;

DATA;
#10=SHAPE_REPRESENTATION_RELATIONSHIP('','',#3003,#11);
#11=ADVANCED_BREP_SHAPE_REPRESENTATION('',(#3001),#5143);
#12=B_SPLINE_CURVE_WITH_KNOTS('',3,(#4849,#4850,#4851,#4852,#4853),
 .UNSPECIFIED.,.F.,.F.,(4,1,4),(0.,0.00156296287693559,0.00312592575387118),
 .UNSPECIFIED.);
#13=ELLIPSE('',#3200,0.00217589892640369,0.002);
#14=ELLIPSE('',#3201,0.00215409941732113,0.002);
#15=ELLIPSE('',#3203,0.00218329655818147,0.002);
#16=ELLIPSE('',#3205,0.00215448401132403,0.002);
#17=ELLIPSE('',#3207,0.00214743433034923,0.002);
#18=ELLIPSE('',#3209,0.00215448401132403,0.002);
#19=ELLIPSE('',#3211,0.00282842712474619,0.002);
#20=ELLIPSE('',#3213,0.00282842712474619,0.002);
#21=ELLIPSE('',#3215,0.0021675634849395,0.002);
#22=ELLIPSE('',#3217,0.00204005852027122,0.002);
#23=ELLIPSE('',#3219,0.00216203296817548,0.002);
#24=TOROIDAL_SURFACE('',#3080,0.004,0.002);
#25=TOROIDAL_SURFACE('',#3102,0.004,0.002);
#26=TOROIDAL_SURFACE('',#3120,0.004,0.002);
#27=TOROIDAL_SURFACE('',#3140,0.004,0.002);
#28=TOROIDAL_SURFACE('',#3142,0.0202829986451208,0.002);
#29=TOROIDAL_SURFACE('',#3144,0.004,0.002);
#30=TOROIDAL_SURFACE('',#3158,0.004,0.002);
#31=TOROIDAL_SURFACE('',#3167,0.0202829986451208,0.002);
#32=TOROIDAL_SURFACE('',#3223,0.0192829986451208,0.002);
#33=SPHERICAL_SURFACE('',#3077,0.002);
#34=SPHERICAL_SURFACE('',#3094,0.002);
#35=SPHERICAL_SURFACE('',#3096,0.002);
#36=SPHERICAL_SURFACE('',#3099,0.002);
#37=SPHERICAL_SURFACE('',#3116,0.002);
#38=SPHERICAL_SURFACE('',#3118,0.002);
#39=SPHERICAL_SURFACE('',#3123,0.002);
#40=SPHERICAL_SURFACE('',#3138,0.002);
#41=SPHERICAL_SURFACE('',#3153,0.002);
#42=SPHERICAL_SURFACE('',#3160,0.002);
#43=SPHERICAL_SURFACE('',#3178,0.002);
#44=SPHERICAL_SURFACE('',#3180,0.002);
#45=SPHERICAL_SURFACE('',#3182,0.002);
#46=SPHERICAL_SURFACE('',#3184,0.002);
#47=SPHERICAL_SURFACE('',#3194,0.002);
#48=SPHERICAL_SURFACE('',#3196,0.002);
#49=CIRCLE('',#3011,0.002);
#50=CIRCLE('',#3012,0.002);
#51=CIRCLE('',#3014,0.002);
#52=CIRCLE('',#3015,0.002);
#53=CIRCLE('',#3017,0.004);
#54=CIRCLE('',#3018,0.004);
#55=CIRCLE('',#3019,0.004);
#56=CIRCLE('',#3020,0.0202829986451208);
#57=CIRCLE('',#3026,0.0172829986451208);
#58=CIRCLE('',#3027,0.0172829986451208);
#59=CIRCLE('',#3029,0.0202829986451208);
#60=CIRCLE('',#3030,0.004);
#61=CIRCLE('',#3031,0.004);
#62=CIRCLE('',#3032,0.004);
#63=CIRCLE('',#3033,0.0192829986451208);
#64=CIRCLE('',#3046,0.0222829986451208);
#65=CIRCLE('',#3047,0.0222829986451208);
#66=CIRCLE('',#3053,0.00235);
#67=CIRCLE('',#3054,0.00235);
#68=CIRCLE('',#3056,0.00235);
#69=CIRCLE('',#3057,0.00235);
#70=CIRCLE('',#3059,0.00235);
#71=CIRCLE('',#3060,0.00235);
#72=CIRCLE('',#3062,0.00235);
#73=CIRCLE('',#3063,0.00235);
#74=CIRCLE('',#3065,0.00235);
#75=CIRCLE('',#3066,0.00235);
#76=CIRCLE('',#3068,0.00235);
#77=CIRCLE('',#3069,0.00235);
#78=CIRCLE('',#3071,0.00235);
#79=CIRCLE('',#3072,0.00235);
#80=CIRCLE('',#3075,0.002);
#81=CIRCLE('',#3076,0.002);
#82=CIRCLE('',#3078,0.002);
#83=CIRCLE('',#3079,0.002);
#84=CIRCLE('',#3081,0.002);
#85=CIRCLE('',#3082,0.002);
#86=CIRCLE('',#3084,0.002);
#87=CIRCLE('',#3086,0.002);
#88=CIRCLE('',#3088,0.002);
#89=CIRCLE('',#3090,0.002);
#90=CIRCLE('',#3092,0.002);
#91=CIRCLE('',#3093,0.002);
#92=CIRCLE('',#3095,0.002);
#93=CIRCLE('',#3097,0.002);
#94=CIRCLE('',#3098,0.002);
#95=CIRCLE('',#3100,0.002);
#96=CIRCLE('',#3101,0.002);
#97=CIRCLE('',#3103,0.002);
#98=CIRCLE('',#3105,0.002);
#99=CIRCLE('',#3107,0.002);
#100=CIRCLE('',#3109,0.002);
#101=CIRCLE('',#3111,0.002);
#102=CIRCLE('',#3113,0.002);
#103=CIRCLE('',#3115,0.002);
#104=CIRCLE('',#3117,0.002);
#105=CIRCLE('',#3119,0.002);
#106=CIRCLE('',#3121,0.002);
#107=CIRCLE('',#3122,0.002);
#108=CIRCLE('',#3124,0.002);
#109=CIRCLE('',#3126,0.002);
#110=CIRCLE('',#3128,0.002);
#111=CIRCLE('',#3129,0.002);
#112=CIRCLE('',#3131,0.002);
#113=CIRCLE('',#3133,0.002);
#114=CIRCLE('',#3135,0.002);
#115=CIRCLE('',#3137,0.002);
#116=CIRCLE('',#3139,0.002);
#117=CIRCLE('',#3141,0.002);
#118=CIRCLE('',#3143,0.002);
#119=CIRCLE('',#3145,0.002);
#120=CIRCLE('',#3147,0.002);
#121=CIRCLE('',#3149,0.002);
#122=CIRCLE('',#3150,0.002);
#123=CIRCLE('',#3152,0.002);
#124=CIRCLE('',#3154,0.002);
#125=CIRCLE('',#3155,0.002);
#126=CIRCLE('',#3157,0.002);
#127=CIRCLE('',#3159,0.002);
#128=CIRCLE('',#3161,0.002);
#129=CIRCLE('',#3162,0.002);
#130=CIRCLE('',#3164,0.002);
#131=CIRCLE('',#3166,0.002);
#132=CIRCLE('',#3168,0.002);
#133=CIRCLE('',#3170,0.002);
#134=CIRCLE('',#3172,0.002);
#135=CIRCLE('',#3174,0.002);
#136=CIRCLE('',#3176,0.002);
#137=CIRCLE('',#3177,0.002);
#138=CIRCLE('',#3179,0.002);
#139=CIRCLE('',#3181,0.002);
#140=CIRCLE('',#3183,0.002);
#141=CIRCLE('',#3185,0.002);
#142=CIRCLE('',#3187,0.002);
#143=CIRCLE('',#3189,0.002);
#144=CIRCLE('',#3191,0.002);
#145=CIRCLE('',#3193,0.002);
#146=CIRCLE('',#3195,0.002);
#147=CIRCLE('',#3197,0.002);
#148=CIRCLE('',#3221,0.002);
#149=CIRCLE('',#3235,0.0015);
#150=CIRCLE('',#3236,0.0015);
#151=CIRCLE('',#3238,0.002);
#152=CIRCLE('',#3239,0.002);
#153=CIRCLE('',#3241,0.002);
#154=CIRCLE('',#3242,0.002);
#155=CIRCLE('',#3248,0.0015);
#156=CIRCLE('',#3249,0.0015);
#157=CIRCLE('',#3252,0.002);
#158=CIRCLE('',#3253,0.002);
#159=CIRCLE('',#3255,0.002);
#160=CIRCLE('',#3256,0.002);
#161=CIRCLE('',#3263,0.0015);
#162=CIRCLE('',#3264,0.0015);
#163=CIRCLE('',#3266,0.002);
#164=CIRCLE('',#3267,0.002);
#165=CIRCLE('',#3269,0.002);
#166=CIRCLE('',#3270,0.002);
#167=CIRCLE('',#3274,0.0015);
#168=CIRCLE('',#3275,0.0015);
#169=CIRCLE('',#3278,0.002);
#170=CIRCLE('',#3279,0.002);
#171=CIRCLE('',#3281,0.002);
#172=CIRCLE('',#3282,0.002);
#173=CIRCLE('',#3290,0.0015);
#174=CIRCLE('',#3291,0.0015);
#175=CIRCLE('',#3294,0.002);
#176=CIRCLE('',#3295,0.002);
#177=CIRCLE('',#3297,0.002);
#178=CIRCLE('',#3298,0.002);
#179=CIRCLE('',#3302,0.0015);
#180=CIRCLE('',#3303,0.0015);
#181=CIRCLE('',#3306,0.002);
#182=CIRCLE('',#3307,0.002);
#183=CIRCLE('',#3309,0.002);
#184=CIRCLE('',#3310,0.002);
#185=CIRCLE('',#3315,0.0015);
#186=CIRCLE('',#3316,0.0015);
#187=CIRCLE('',#3318,0.002);
#188=CIRCLE('',#3319,0.002);
#189=CIRCLE('',#3321,0.002);
#190=CIRCLE('',#3322,0.002);
#191=CIRCLE('',#3327,0.0015);
#192=CIRCLE('',#3328,0.0015);
#193=CIRCLE('',#3330,0.002);
#194=CIRCLE('',#3331,0.002);
#195=CIRCLE('',#3333,0.002);
#196=CIRCLE('',#3334,0.002);
#197=CYLINDRICAL_SURFACE('',#3010,0.002);
#198=CYLINDRICAL_SURFACE('',#3013,0.002);
#199=CYLINDRICAL_SURFACE('',#3025,0.0172829986451208);
#200=CYLINDRICAL_SURFACE('',#3045,0.0222829986451208);
#201=CYLINDRICAL_SURFACE('',#3052,0.00235);
#202=CYLINDRICAL_SURFACE('',#3055,0.00235);
#203=CYLINDRICAL_SURFACE('',#3058,0.00235);
#204=CYLINDRICAL_SURFACE('',#3061,0.00235);
#205=CYLINDRICAL_SURFACE('',#3064,0.00235);
#206=CYLINDRICAL_SURFACE('',#3067,0.00235);
#207=CYLINDRICAL_SURFACE('',#3070,0.00235);
#208=CYLINDRICAL_SURFACE('',#3074,0.002);
#209=CYLINDRICAL_SURFACE('',#3083,0.002);
#210=CYLINDRICAL_SURFACE('',#3085,0.002);
#211=CYLINDRICAL_SURFACE('',#3087,0.002);
#212=CYLINDRICAL_SURFACE('',#3089,0.002);
#213=CYLINDRICAL_SURFACE('',#3091,0.002);
#214=CYLINDRICAL_SURFACE('',#3104,0.002);
#215=CYLINDRICAL_SURFACE('',#3106,0.002);
#216=CYLINDRICAL_SURFACE('',#3108,0.002);
#217=CYLINDRICAL_SURFACE('',#3110,0.002);
#218=CYLINDRICAL_SURFACE('',#3112,0.002);
#219=CYLINDRICAL_SURFACE('',#3114,0.002);
#220=CYLINDRICAL_SURFACE('',#3125,0.002);
#221=CYLINDRICAL_SURFACE('',#3127,0.002);
#222=CYLINDRICAL_SURFACE('',#3130,0.002);
#223=CYLINDRICAL_SURFACE('',#3132,0.002);
#224=CYLINDRICAL_SURFACE('',#3134,0.002);
#225=CYLINDRICAL_SURFACE('',#3136,0.002);
#226=CYLINDRICAL_SURFACE('',#3146,0.002);
#227=CYLINDRICAL_SURFACE('',#3148,0.002);
#228=CYLINDRICAL_SURFACE('',#3151,0.002);
#229=CYLINDRICAL_SURFACE('',#3156,0.002);
#230=CYLINDRICAL_SURFACE('',#3163,0.002);
#231=CYLINDRICAL_SURFACE('',#3165,0.002);
#232=CYLINDRICAL_SURFACE('',#3169,0.002);
#233=CYLINDRICAL_SURFACE('',#3171,0.002);
#234=CYLINDRICAL_SURFACE('',#3173,0.002);
#235=CYLINDRICAL_SURFACE('',#3175,0.002);
#236=CYLINDRICAL_SURFACE('',#3186,0.002);
#237=CYLINDRICAL_SURFACE('',#3188,0.002);
#238=CYLINDRICAL_SURFACE('',#3190,0.002);
#239=CYLINDRICAL_SURFACE('',#3192,0.002);
#240=CYLINDRICAL_SURFACE('',#3198,0.002);
#241=CYLINDRICAL_SURFACE('',#3199,0.002);
#242=CYLINDRICAL_SURFACE('',#3202,0.002);
#243=CYLINDRICAL_SURFACE('',#3204,0.002);
#244=CYLINDRICAL_SURFACE('',#3206,0.002);
#245=CYLINDRICAL_SURFACE('',#3208,0.002);
#246=CYLINDRICAL_SURFACE('',#3210,0.002);
#247=CYLINDRICAL_SURFACE('',#3212,0.002);
#248=CYLINDRICAL_SURFACE('',#3214,0.002);
#249=CYLINDRICAL_SURFACE('',#3216,0.002);
#250=CYLINDRICAL_SURFACE('',#3218,0.002);
#251=CYLINDRICAL_SURFACE('',#3220,0.002);
#252=CYLINDRICAL_SURFACE('',#3222,0.002);
#253=CYLINDRICAL_SURFACE('',#3234,0.0015);
#254=CYLINDRICAL_SURFACE('',#3243,0.002);
#255=CYLINDRICAL_SURFACE('',#3244,0.002);
#256=CYLINDRICAL_SURFACE('',#3247,0.0015);
#257=CYLINDRICAL_SURFACE('',#3257,0.002);
#258=CYLINDRICAL_SURFACE('',#3258,0.002);
#259=CYLINDRICAL_SURFACE('',#3262,0.0015);
#260=CYLINDRICAL_SURFACE('',#3273,0.0015);
#261=CYLINDRICAL_SURFACE('',#3283,0.002);
#262=CYLINDRICAL_SURFACE('',#3284,0.002);
#263=CYLINDRICAL_SURFACE('',#3285,0.002);
#264=CYLINDRICAL_SURFACE('',#3286,0.002);
#265=CYLINDRICAL_SURFACE('',#3289,0.0015);
#266=CYLINDRICAL_SURFACE('',#3301,0.0015);
#267=CYLINDRICAL_SURFACE('',#3314,0.0015);
#268=CYLINDRICAL_SURFACE('',#3326,0.0015);
#269=CYLINDRICAL_SURFACE('',#3335,0.002);
#270=CYLINDRICAL_SURFACE('',#3336,0.002);
#271=CYLINDRICAL_SURFACE('',#3337,0.002);
#272=CYLINDRICAL_SURFACE('',#3338,0.002);
#273=CYLINDRICAL_SURFACE('',#3339,0.002);
#274=CYLINDRICAL_SURFACE('',#3340,0.002);
#275=CYLINDRICAL_SURFACE('',#3341,0.002);
#276=CYLINDRICAL_SURFACE('',#3342,0.002);
#277=ORIENTED_EDGE('',*,*,#1099,.F.);
#278=ORIENTED_EDGE('',*,*,#1100,.T.);
#279=ORIENTED_EDGE('',*,*,#1101,.T.);
#280=ORIENTED_EDGE('',*,*,#1102,.T.);
#281=ORIENTED_EDGE('',*,*,#1103,.F.);
#282=ORIENTED_EDGE('',*,*,#1104,.T.);
#283=ORIENTED_EDGE('',*,*,#1105,.T.);
#284=ORIENTED_EDGE('',*,*,#1106,.F.);
#285=ORIENTED_EDGE('',*,*,#1101,.F.);
#286=ORIENTED_EDGE('',*,*,#1107,.T.);
#287=ORIENTED_EDGE('',*,*,#1108,.T.);
#288=ORIENTED_EDGE('',*,*,#1109,.F.);
#289=ORIENTED_EDGE('',*,*,#1105,.F.);
#290=ORIENTED_EDGE('',*,*,#1110,.T.);
#291=ORIENTED_EDGE('',*,*,#1111,.T.);
#292=ORIENTED_EDGE('',*,*,#1112,.T.);
#293=ORIENTED_EDGE('',*,*,#1113,.F.);
#294=ORIENTED_EDGE('',*,*,#1114,.T.);
#295=ORIENTED_EDGE('',*,*,#1115,.T.);
#296=ORIENTED_EDGE('',*,*,#1116,.T.);
#297=ORIENTED_EDGE('',*,*,#1117,.T.);
#298=ORIENTED_EDGE('',*,*,#1118,.T.);
#299=ORIENTED_EDGE('',*,*,#1119,.T.);
#300=ORIENTED_EDGE('',*,*,#1120,.T.);
#301=ORIENTED_EDGE('',*,*,#1121,.F.);
#302=ORIENTED_EDGE('',*,*,#1122,.T.);
#303=ORIENTED_EDGE('',*,*,#1123,.T.);
#304=ORIENTED_EDGE('',*,*,#1124,.T.);
#305=ORIENTED_EDGE('',*,*,#1125,.F.);
#306=ORIENTED_EDGE('',*,*,#1126,.T.);
#307=ORIENTED_EDGE('',*,*,#1127,.T.);
#308=ORIENTED_EDGE('',*,*,#1128,.T.);
#309=ORIENTED_EDGE('',*,*,#1129,.T.);
#310=ORIENTED_EDGE('',*,*,#1130,.T.);
#311=ORIENTED_EDGE('',*,*,#1131,.T.);
#312=ORIENTED_EDGE('',*,*,#1132,.F.);
#313=ORIENTED_EDGE('',*,*,#1126,.F.);
#314=ORIENTED_EDGE('',*,*,#1133,.T.);
#315=ORIENTED_EDGE('',*,*,#1124,.F.);
#316=ORIENTED_EDGE('',*,*,#1134,.T.);
#317=ORIENTED_EDGE('',*,*,#1135,.F.);
#318=ORIENTED_EDGE('',*,*,#1120,.F.);
#319=ORIENTED_EDGE('',*,*,#1136,.T.);
#320=ORIENTED_EDGE('',*,*,#1122,.F.);
#321=ORIENTED_EDGE('',*,*,#1137,.F.);
#322=ORIENTED_EDGE('',*,*,#1138,.T.);
#323=ORIENTED_EDGE('',*,*,#1139,.T.);
#324=ORIENTED_EDGE('',*,*,#1140,.F.);
#325=ORIENTED_EDGE('',*,*,#1141,.F.);
#326=ORIENTED_EDGE('',*,*,#1142,.T.);
#327=ORIENTED_EDGE('',*,*,#1143,.T.);
#328=ORIENTED_EDGE('',*,*,#1144,.F.);
#329=ORIENTED_EDGE('',*,*,#1145,.F.);
#330=ORIENTED_EDGE('',*,*,#1146,.T.);
#331=ORIENTED_EDGE('',*,*,#1147,.T.);
#332=ORIENTED_EDGE('',*,*,#1148,.F.);
#333=ORIENTED_EDGE('',*,*,#1149,.F.);
#334=ORIENTED_EDGE('',*,*,#1150,.T.);
#335=ORIENTED_EDGE('',*,*,#1151,.T.);
#336=ORIENTED_EDGE('',*,*,#1152,.F.);
#337=ORIENTED_EDGE('',*,*,#1153,.T.);
#338=ORIENTED_EDGE('',*,*,#1154,.T.);
#339=ORIENTED_EDGE('',*,*,#1155,.T.);
#340=ORIENTED_EDGE('',*,*,#1156,.F.);
#341=ORIENTED_EDGE('',*,*,#1157,.T.);
#342=ORIENTED_EDGE('',*,*,#1158,.T.);
#343=ORIENTED_EDGE('',*,*,#1159,.T.);
#344=ORIENTED_EDGE('',*,*,#1160,.T.);
#345=ORIENTED_EDGE('',*,*,#1161,.F.);
#346=ORIENTED_EDGE('',*,*,#1162,.T.);
#347=ORIENTED_EDGE('',*,*,#1163,.T.);
#348=ORIENTED_EDGE('',*,*,#1164,.F.);
#349=ORIENTED_EDGE('',*,*,#1165,.T.);
#350=ORIENTED_EDGE('',*,*,#1166,.T.);
#351=ORIENTED_EDGE('',*,*,#1167,.T.);
#352=ORIENTED_EDGE('',*,*,#1168,.F.);
#353=ORIENTED_EDGE('',*,*,#1169,.T.);
#354=ORIENTED_EDGE('',*,*,#1170,.T.);
#355=ORIENTED_EDGE('',*,*,#1171,.F.);
#356=ORIENTED_EDGE('',*,*,#1172,.F.);
#357=ORIENTED_EDGE('',*,*,#1173,.T.);
#358=ORIENTED_EDGE('',*,*,#1174,.T.);
#359=ORIENTED_EDGE('',*,*,#1175,.F.);
#360=ORIENTED_EDGE('',*,*,#1176,.F.);
#361=ORIENTED_EDGE('',*,*,#1177,.T.);
#362=ORIENTED_EDGE('',*,*,#1178,.T.);
#363=ORIENTED_EDGE('',*,*,#1179,.F.);
#364=ORIENTED_EDGE('',*,*,#1180,.F.);
#365=ORIENTED_EDGE('',*,*,#1181,.T.);
#366=ORIENTED_EDGE('',*,*,#1182,.T.);
#367=ORIENTED_EDGE('',*,*,#1183,.F.);
#368=ORIENTED_EDGE('',*,*,#1184,.T.);
#369=ORIENTED_EDGE('',*,*,#1185,.T.);
#370=ORIENTED_EDGE('',*,*,#1186,.F.);
#371=ORIENTED_EDGE('',*,*,#1187,.T.);
#372=ORIENTED_EDGE('',*,*,#1188,.T.);
#373=ORIENTED_EDGE('',*,*,#1189,.T.);
#374=ORIENTED_EDGE('',*,*,#1190,.F.);
#375=ORIENTED_EDGE('',*,*,#1191,.T.);
#376=ORIENTED_EDGE('',*,*,#1103,.T.);
#377=ORIENTED_EDGE('',*,*,#1192,.T.);
#378=ORIENTED_EDGE('',*,*,#1188,.F.);
#379=ORIENTED_EDGE('',*,*,#1193,.T.);
#380=ORIENTED_EDGE('',*,*,#1186,.T.);
#381=ORIENTED_EDGE('',*,*,#1194,.T.);
#382=ORIENTED_EDGE('',*,*,#1195,.F.);
#383=ORIENTED_EDGE('',*,*,#1196,.T.);
#384=ORIENTED_EDGE('',*,*,#1197,.T.);
#385=ORIENTED_EDGE('',*,*,#1198,.T.);
#386=ORIENTED_EDGE('',*,*,#1199,.F.);
#387=ORIENTED_EDGE('',*,*,#1200,.T.);
#388=ORIENTED_EDGE('',*,*,#1201,.T.);
#389=ORIENTED_EDGE('',*,*,#1202,.T.);
#390=ORIENTED_EDGE('',*,*,#1203,.T.);
#391=ORIENTED_EDGE('',*,*,#1204,.F.);
#392=ORIENTED_EDGE('',*,*,#1205,.T.);
#393=ORIENTED_EDGE('',*,*,#1206,.T.);
#394=ORIENTED_EDGE('',*,*,#1207,.F.);
#395=ORIENTED_EDGE('',*,*,#1208,.T.);
#396=ORIENTED_EDGE('',*,*,#1209,.T.);
#397=ORIENTED_EDGE('',*,*,#1210,.T.);
#398=ORIENTED_EDGE('',*,*,#1211,.T.);
#399=ORIENTED_EDGE('',*,*,#1212,.F.);
#400=ORIENTED_EDGE('',*,*,#1213,.T.);
#401=ORIENTED_EDGE('',*,*,#1214,.T.);
#402=ORIENTED_EDGE('',*,*,#1215,.T.);
#403=ORIENTED_EDGE('',*,*,#1216,.T.);
#404=ORIENTED_EDGE('',*,*,#1217,.T.);
#405=ORIENTED_EDGE('',*,*,#1218,.T.);
#406=ORIENTED_EDGE('',*,*,#1219,.T.);
#407=ORIENTED_EDGE('',*,*,#1220,.T.);
#408=ORIENTED_EDGE('',*,*,#1221,.T.);
#409=ORIENTED_EDGE('',*,*,#1222,.T.);
#410=ORIENTED_EDGE('',*,*,#1223,.T.);
#411=ORIENTED_EDGE('',*,*,#1224,.T.);
#412=ORIENTED_EDGE('',*,*,#1225,.T.);
#413=ORIENTED_EDGE('',*,*,#1226,.T.);
#414=ORIENTED_EDGE('',*,*,#1227,.T.);
#415=ORIENTED_EDGE('',*,*,#1228,.T.);
#416=ORIENTED_EDGE('',*,*,#1229,.T.);
#417=ORIENTED_EDGE('',*,*,#1230,.T.);
#418=ORIENTED_EDGE('',*,*,#1184,.F.);
#419=ORIENTED_EDGE('',*,*,#1231,.T.);
#420=ORIENTED_EDGE('',*,*,#1232,.T.);
#421=ORIENTED_EDGE('',*,*,#1233,.T.);
#422=ORIENTED_EDGE('',*,*,#1229,.F.);
#423=ORIENTED_EDGE('',*,*,#1234,.T.);
#424=ORIENTED_EDGE('',*,*,#1235,.T.);
#425=ORIENTED_EDGE('',*,*,#1236,.T.);
#426=ORIENTED_EDGE('',*,*,#1232,.F.);
#427=ORIENTED_EDGE('',*,*,#1237,.T.);
#428=ORIENTED_EDGE('',*,*,#1199,.T.);
#429=ORIENTED_EDGE('',*,*,#1238,.T.);
#430=ORIENTED_EDGE('',*,*,#1235,.F.);
#431=ORIENTED_EDGE('',*,*,#1239,.T.);
#432=ORIENTED_EDGE('',*,*,#1190,.T.);
#433=ORIENTED_EDGE('',*,*,#1240,.T.);
#434=ORIENTED_EDGE('',*,*,#1197,.F.);
#435=ORIENTED_EDGE('',*,*,#1241,.F.);
#436=ORIENTED_EDGE('',*,*,#1195,.T.);
#437=ORIENTED_EDGE('',*,*,#1242,.T.);
#438=ORIENTED_EDGE('',*,*,#1111,.F.);
#439=ORIENTED_EDGE('',*,*,#1243,.T.);
#440=ORIENTED_EDGE('',*,*,#1244,.T.);
#441=ORIENTED_EDGE('',*,*,#1245,.T.);
#442=ORIENTED_EDGE('',*,*,#1246,.T.);
#443=ORIENTED_EDGE('',*,*,#1247,.T.);
#444=ORIENTED_EDGE('',*,*,#1248,.T.);
#445=ORIENTED_EDGE('',*,*,#1249,.T.);
#446=ORIENTED_EDGE('',*,*,#1250,.T.);
#447=ORIENTED_EDGE('',*,*,#1251,.T.);
#448=ORIENTED_EDGE('',*,*,#1252,.T.);
#449=ORIENTED_EDGE('',*,*,#1253,.T.);
#450=ORIENTED_EDGE('',*,*,#1254,.T.);
#451=ORIENTED_EDGE('',*,*,#1255,.T.);
#452=ORIENTED_EDGE('',*,*,#1256,.T.);
#453=ORIENTED_EDGE('',*,*,#1257,.T.);
#454=ORIENTED_EDGE('',*,*,#1258,.T.);
#455=ORIENTED_EDGE('',*,*,#1259,.T.);
#456=ORIENTED_EDGE('',*,*,#1260,.F.);
#457=ORIENTED_EDGE('',*,*,#1261,.T.);
#458=ORIENTED_EDGE('',*,*,#1262,.T.);
#459=ORIENTED_EDGE('',*,*,#1263,.T.);
#460=ORIENTED_EDGE('',*,*,#1264,.T.);
#461=ORIENTED_EDGE('',*,*,#1265,.T.);
#462=ORIENTED_EDGE('',*,*,#1260,.T.);
#463=ORIENTED_EDGE('',*,*,#1266,.T.);
#464=ORIENTED_EDGE('',*,*,#1267,.T.);
#465=ORIENTED_EDGE('',*,*,#1268,.T.);
#466=ORIENTED_EDGE('',*,*,#1269,.T.);
#467=ORIENTED_EDGE('',*,*,#1270,.T.);
#468=ORIENTED_EDGE('',*,*,#1271,.T.);
#469=ORIENTED_EDGE('',*,*,#1272,.T.);
#470=ORIENTED_EDGE('',*,*,#1273,.T.);
#471=ORIENTED_EDGE('',*,*,#1274,.T.);
#472=ORIENTED_EDGE('',*,*,#1275,.T.);
#473=ORIENTED_EDGE('',*,*,#1276,.T.);
#474=ORIENTED_EDGE('',*,*,#1277,.T.);
#475=ORIENTED_EDGE('',*,*,#1278,.T.);
#476=ORIENTED_EDGE('',*,*,#1279,.T.);
#477=ORIENTED_EDGE('',*,*,#1280,.T.);
#478=ORIENTED_EDGE('',*,*,#1281,.T.);
#479=ORIENTED_EDGE('',*,*,#1282,.T.);
#480=ORIENTED_EDGE('',*,*,#1283,.F.);
#481=ORIENTED_EDGE('',*,*,#1284,.T.);
#482=ORIENTED_EDGE('',*,*,#1285,.F.);
#483=ORIENTED_EDGE('',*,*,#1286,.T.);
#484=ORIENTED_EDGE('',*,*,#1287,.F.);
#485=ORIENTED_EDGE('',*,*,#1288,.T.);
#486=ORIENTED_EDGE('',*,*,#1289,.F.);
#487=ORIENTED_EDGE('',*,*,#1290,.T.);
#488=ORIENTED_EDGE('',*,*,#1291,.F.);
#489=ORIENTED_EDGE('',*,*,#1292,.T.);
#490=ORIENTED_EDGE('',*,*,#1293,.F.);
#491=ORIENTED_EDGE('',*,*,#1294,.T.);
#492=ORIENTED_EDGE('',*,*,#1295,.F.);
#493=ORIENTED_EDGE('',*,*,#1296,.T.);
#494=ORIENTED_EDGE('',*,*,#1296,.F.);
#495=ORIENTED_EDGE('',*,*,#1294,.F.);
#496=ORIENTED_EDGE('',*,*,#1292,.F.);
#497=ORIENTED_EDGE('',*,*,#1290,.F.);
#498=ORIENTED_EDGE('',*,*,#1288,.F.);
#499=ORIENTED_EDGE('',*,*,#1286,.F.);
#500=ORIENTED_EDGE('',*,*,#1284,.F.);
#501=ORIENTED_EDGE('',*,*,#1191,.F.);
#502=ORIENTED_EDGE('',*,*,#1241,.T.);
#503=ORIENTED_EDGE('',*,*,#1200,.F.);
#504=ORIENTED_EDGE('',*,*,#1239,.F.);
#505=ORIENTED_EDGE('',*,*,#1237,.F.);
#506=ORIENTED_EDGE('',*,*,#1234,.F.);
#507=ORIENTED_EDGE('',*,*,#1231,.F.);
#508=ORIENTED_EDGE('',*,*,#1187,.F.);
#509=ORIENTED_EDGE('',*,*,#1196,.F.);
#510=ORIENTED_EDGE('',*,*,#1243,.F.);
#511=ORIENTED_EDGE('',*,*,#1110,.F.);
#512=ORIENTED_EDGE('',*,*,#1104,.F.);
#513=ORIENTED_EDGE('',*,*,#1193,.F.);
#514=ORIENTED_EDGE('',*,*,#1297,.F.);
#515=ORIENTED_EDGE('',*,*,#1208,.F.);
#516=ORIENTED_EDGE('',*,*,#1298,.F.);
#517=ORIENTED_EDGE('',*,*,#1251,.F.);
#518=ORIENTED_EDGE('',*,*,#1299,.F.);
#519=ORIENTED_EDGE('',*,*,#1297,.T.);
#520=ORIENTED_EDGE('',*,*,#1300,.F.);
#521=ORIENTED_EDGE('',*,*,#1298,.T.);
#522=ORIENTED_EDGE('',*,*,#1207,.T.);
#523=ORIENTED_EDGE('',*,*,#1301,.F.);
#524=ORIENTED_EDGE('',*,*,#1302,.F.);
#525=ORIENTED_EDGE('',*,*,#1300,.T.);
#526=ORIENTED_EDGE('',*,*,#1250,.F.);
#527=ORIENTED_EDGE('',*,*,#1303,.F.);
#528=ORIENTED_EDGE('',*,*,#1244,.F.);
#529=ORIENTED_EDGE('',*,*,#1299,.T.);
#530=ORIENTED_EDGE('',*,*,#1247,.F.);
#531=ORIENTED_EDGE('',*,*,#1304,.F.);
#532=ORIENTED_EDGE('',*,*,#1209,.F.);
#533=ORIENTED_EDGE('',*,*,#1301,.T.);
#534=ORIENTED_EDGE('',*,*,#1206,.F.);
#535=ORIENTED_EDGE('',*,*,#1305,.F.);
#536=ORIENTED_EDGE('',*,*,#1255,.F.);
#537=ORIENTED_EDGE('',*,*,#1302,.T.);
#538=ORIENTED_EDGE('',*,*,#1254,.F.);
#539=ORIENTED_EDGE('',*,*,#1306,.F.);
#540=ORIENTED_EDGE('',*,*,#1248,.F.);
#541=ORIENTED_EDGE('',*,*,#1307,.F.);
#542=ORIENTED_EDGE('',*,*,#1249,.F.);
#543=ORIENTED_EDGE('',*,*,#1308,.F.);
#544=ORIENTED_EDGE('',*,*,#1160,.F.);
#545=ORIENTED_EDGE('',*,*,#1303,.T.);
#546=ORIENTED_EDGE('',*,*,#1307,.T.);
#547=ORIENTED_EDGE('',*,*,#1309,.F.);
#548=ORIENTED_EDGE('',*,*,#1310,.F.);
#549=ORIENTED_EDGE('',*,*,#1304,.T.);
#550=ORIENTED_EDGE('',*,*,#1311,.F.);
#551=ORIENTED_EDGE('',*,*,#1312,.F.);
#552=ORIENTED_EDGE('',*,*,#1305,.T.);
#553=ORIENTED_EDGE('',*,*,#1313,.F.);
#554=ORIENTED_EDGE('',*,*,#1308,.T.);
#555=ORIENTED_EDGE('',*,*,#1306,.T.);
#556=ORIENTED_EDGE('',*,*,#1314,.F.);
#557=ORIENTED_EDGE('',*,*,#1161,.T.);
#558=ORIENTED_EDGE('',*,*,#1309,.T.);
#559=ORIENTED_EDGE('',*,*,#1159,.F.);
#560=ORIENTED_EDGE('',*,*,#1315,.F.);
#561=ORIENTED_EDGE('',*,*,#1245,.F.);
#562=ORIENTED_EDGE('',*,*,#1311,.T.);
#563=ORIENTED_EDGE('',*,*,#1246,.F.);
#564=ORIENTED_EDGE('',*,*,#1316,.F.);
#565=ORIENTED_EDGE('',*,*,#1128,.F.);
#566=ORIENTED_EDGE('',*,*,#1310,.T.);
#567=ORIENTED_EDGE('',*,*,#1127,.F.);
#568=ORIENTED_EDGE('',*,*,#1317,.F.);
#569=ORIENTED_EDGE('',*,*,#1210,.F.);
#570=ORIENTED_EDGE('',*,*,#1313,.T.);
#571=ORIENTED_EDGE('',*,*,#1205,.F.);
#572=ORIENTED_EDGE('',*,*,#1318,.F.);
#573=ORIENTED_EDGE('',*,*,#1259,.F.);
#574=ORIENTED_EDGE('',*,*,#1312,.T.);
#575=ORIENTED_EDGE('',*,*,#1258,.F.);
#576=ORIENTED_EDGE('',*,*,#1319,.F.);
#577=ORIENTED_EDGE('',*,*,#1252,.F.);
#578=ORIENTED_EDGE('',*,*,#1314,.T.);
#579=ORIENTED_EDGE('',*,*,#1253,.F.);
#580=ORIENTED_EDGE('',*,*,#1320,.F.);
#581=ORIENTED_EDGE('',*,*,#1162,.F.);
#582=ORIENTED_EDGE('',*,*,#1316,.T.);
#583=ORIENTED_EDGE('',*,*,#1315,.T.);
#584=ORIENTED_EDGE('',*,*,#1321,.F.);
#585=ORIENTED_EDGE('',*,*,#1322,.F.);
#586=ORIENTED_EDGE('',*,*,#1317,.T.);
#587=ORIENTED_EDGE('',*,*,#1134,.F.);
#588=ORIENTED_EDGE('',*,*,#1318,.T.);
#589=ORIENTED_EDGE('',*,*,#1204,.T.);
#590=ORIENTED_EDGE('',*,*,#1323,.F.);
#591=ORIENTED_EDGE('',*,*,#1324,.F.);
#592=ORIENTED_EDGE('',*,*,#1320,.T.);
#593=ORIENTED_EDGE('',*,*,#1319,.T.);
#594=ORIENTED_EDGE('',*,*,#1325,.F.);
#595=ORIENTED_EDGE('',*,*,#1321,.T.);
#596=ORIENTED_EDGE('',*,*,#1158,.F.);
#597=ORIENTED_EDGE('',*,*,#1326,.F.);
#598=ORIENTED_EDGE('',*,*,#1129,.F.);
#599=ORIENTED_EDGE('',*,*,#1327,.F.);
#600=ORIENTED_EDGE('',*,*,#1130,.F.);
#601=ORIENTED_EDGE('',*,*,#1328,.F.);
#602=ORIENTED_EDGE('',*,*,#1281,.F.);
#603=ORIENTED_EDGE('',*,*,#1322,.T.);
#604=ORIENTED_EDGE('',*,*,#1123,.F.);
#605=ORIENTED_EDGE('',*,*,#1329,.F.);
#606=ORIENTED_EDGE('',*,*,#1211,.F.);
#607=ORIENTED_EDGE('',*,*,#1323,.T.);
#608=ORIENTED_EDGE('',*,*,#1203,.F.);
#609=ORIENTED_EDGE('',*,*,#1330,.F.);
#610=ORIENTED_EDGE('',*,*,#1263,.F.);
#611=ORIENTED_EDGE('',*,*,#1324,.T.);
#612=ORIENTED_EDGE('',*,*,#1262,.F.);
#613=ORIENTED_EDGE('',*,*,#1331,.F.);
#614=ORIENTED_EDGE('',*,*,#1256,.F.);
#615=ORIENTED_EDGE('',*,*,#1325,.T.);
#616=ORIENTED_EDGE('',*,*,#1257,.F.);
#617=ORIENTED_EDGE('',*,*,#1332,.F.);
#618=ORIENTED_EDGE('',*,*,#1163,.F.);
#619=ORIENTED_EDGE('',*,*,#1328,.T.);
#620=ORIENTED_EDGE('',*,*,#1326,.T.);
#621=ORIENTED_EDGE('',*,*,#1333,.F.);
#622=ORIENTED_EDGE('',*,*,#1212,.T.);
#623=ORIENTED_EDGE('',*,*,#1329,.T.);
#624=ORIENTED_EDGE('',*,*,#1136,.F.);
#625=ORIENTED_EDGE('',*,*,#1334,.F.);
#626=ORIENTED_EDGE('',*,*,#1330,.T.);
#627=ORIENTED_EDGE('',*,*,#1202,.F.);
#628=ORIENTED_EDGE('',*,*,#1335,.F.);
#629=ORIENTED_EDGE('',*,*,#1266,.F.);
#630=ORIENTED_EDGE('',*,*,#1332,.T.);
#631=ORIENTED_EDGE('',*,*,#1331,.T.);
#632=ORIENTED_EDGE('',*,*,#1336,.F.);
#633=ORIENTED_EDGE('',*,*,#1164,.T.);
#634=ORIENTED_EDGE('',*,*,#1333,.T.);
#635=ORIENTED_EDGE('',*,*,#1157,.F.);
#636=ORIENTED_EDGE('',*,*,#1337,.F.);
#637=ORIENTED_EDGE('',*,*,#1282,.F.);
#638=ORIENTED_EDGE('',*,*,#1116,.F.);
#639=ORIENTED_EDGE('',*,*,#1338,.T.);
#640=ORIENTED_EDGE('',*,*,#1279,.F.);
#641=ORIENTED_EDGE('',*,*,#1339,.F.);
#642=ORIENTED_EDGE('',*,*,#1334,.T.);
#643=ORIENTED_EDGE('',*,*,#1119,.F.);
#644=ORIENTED_EDGE('',*,*,#1340,.F.);
#645=ORIENTED_EDGE('',*,*,#1213,.F.);
#646=ORIENTED_EDGE('',*,*,#1341,.F.);
#647=ORIENTED_EDGE('',*,*,#1335,.T.);
#648=ORIENTED_EDGE('',*,*,#1342,.F.);
#649=ORIENTED_EDGE('',*,*,#1336,.T.);
#650=ORIENTED_EDGE('',*,*,#1261,.F.);
#651=ORIENTED_EDGE('',*,*,#1343,.F.);
#652=ORIENTED_EDGE('',*,*,#1165,.F.);
#653=ORIENTED_EDGE('',*,*,#1337,.T.);
#654=ORIENTED_EDGE('',*,*,#1156,.T.);
#655=ORIENTED_EDGE('',*,*,#1344,.F.);
#656=ORIENTED_EDGE('',*,*,#1339,.T.);
#657=ORIENTED_EDGE('',*,*,#1345,.F.);
#658=ORIENTED_EDGE('',*,*,#1340,.T.);
#659=ORIENTED_EDGE('',*,*,#1346,.F.);
#660=ORIENTED_EDGE('',*,*,#1342,.T.);
#661=ORIENTED_EDGE('',*,*,#1201,.F.);
#662=ORIENTED_EDGE('',*,*,#1347,.F.);
#663=ORIENTED_EDGE('',*,*,#1270,.F.);
#664=ORIENTED_EDGE('',*,*,#1341,.T.);
#665=ORIENTED_EDGE('',*,*,#1269,.F.);
#666=ORIENTED_EDGE('',*,*,#1348,.F.);
#667=ORIENTED_EDGE('',*,*,#1264,.F.);
#668=ORIENTED_EDGE('',*,*,#1343,.T.);
#669=ORIENTED_EDGE('',*,*,#1265,.F.);
#670=ORIENTED_EDGE('',*,*,#1349,.F.);
#671=ORIENTED_EDGE('',*,*,#1166,.F.);
#672=ORIENTED_EDGE('',*,*,#1344,.T.);
#673=ORIENTED_EDGE('',*,*,#1155,.F.);
#674=ORIENTED_EDGE('',*,*,#1350,.F.);
#675=ORIENTED_EDGE('',*,*,#1117,.F.);
#676=ORIENTED_EDGE('',*,*,#1346,.T.);
#677=ORIENTED_EDGE('',*,*,#1118,.F.);
#678=ORIENTED_EDGE('',*,*,#1351,.F.);
#679=ORIENTED_EDGE('',*,*,#1275,.F.);
#680=ORIENTED_EDGE('',*,*,#1345,.T.);
#681=ORIENTED_EDGE('',*,*,#1278,.F.);
#682=ORIENTED_EDGE('',*,*,#1352,.F.);
#683=ORIENTED_EDGE('',*,*,#1214,.F.);
#684=ORIENTED_EDGE('',*,*,#1353,.F.);
#685=ORIENTED_EDGE('',*,*,#1215,.F.);
#686=ORIENTED_EDGE('',*,*,#1354,.F.);
#687=ORIENTED_EDGE('',*,*,#1274,.F.);
#688=ORIENTED_EDGE('',*,*,#1347,.T.);
#689=ORIENTED_EDGE('',*,*,#1353,.T.);
#690=ORIENTED_EDGE('',*,*,#1355,.F.);
#691=ORIENTED_EDGE('',*,*,#1349,.T.);
#692=ORIENTED_EDGE('',*,*,#1348,.T.);
#693=ORIENTED_EDGE('',*,*,#1356,.F.);
#694=ORIENTED_EDGE('',*,*,#1351,.T.);
#695=ORIENTED_EDGE('',*,*,#1350,.T.);
#696=ORIENTED_EDGE('',*,*,#1357,.F.);
#697=ORIENTED_EDGE('',*,*,#1354,.T.);
#698=ORIENTED_EDGE('',*,*,#1352,.T.);
#699=ORIENTED_EDGE('',*,*,#1358,.F.);
#700=ORIENTED_EDGE('',*,*,#1355,.T.);
#701=ORIENTED_EDGE('',*,*,#1273,.F.);
#702=ORIENTED_EDGE('',*,*,#1359,.F.);
#703=ORIENTED_EDGE('',*,*,#1267,.F.);
#704=ORIENTED_EDGE('',*,*,#1356,.T.);
#705=ORIENTED_EDGE('',*,*,#1268,.F.);
#706=ORIENTED_EDGE('',*,*,#1360,.F.);
#707=ORIENTED_EDGE('',*,*,#1167,.F.);
#708=ORIENTED_EDGE('',*,*,#1357,.T.);
#709=ORIENTED_EDGE('',*,*,#1154,.F.);
#710=ORIENTED_EDGE('',*,*,#1361,.F.);
#711=ORIENTED_EDGE('',*,*,#1276,.F.);
#712=ORIENTED_EDGE('',*,*,#1358,.T.);
#713=ORIENTED_EDGE('',*,*,#1277,.F.);
#714=ORIENTED_EDGE('',*,*,#1362,.F.);
#715=ORIENTED_EDGE('',*,*,#1271,.F.);
#716=ORIENTED_EDGE('',*,*,#1360,.T.);
#717=ORIENTED_EDGE('',*,*,#1359,.T.);
#718=ORIENTED_EDGE('',*,*,#1363,.F.);
#719=ORIENTED_EDGE('',*,*,#1362,.T.);
#720=ORIENTED_EDGE('',*,*,#1361,.T.);
#721=ORIENTED_EDGE('',*,*,#1364,.F.);
#722=ORIENTED_EDGE('',*,*,#1363,.T.);
#723=ORIENTED_EDGE('',*,*,#1272,.F.);
#724=ORIENTED_EDGE('',*,*,#1364,.T.);
#725=ORIENTED_EDGE('',*,*,#1153,.F.);
#726=ORIENTED_EDGE('',*,*,#1365,.F.);
#727=ORIENTED_EDGE('',*,*,#1224,.F.);
#728=ORIENTED_EDGE('',*,*,#1366,.F.);
#729=ORIENTED_EDGE('',*,*,#1194,.F.);
#730=ORIENTED_EDGE('',*,*,#1366,.T.);
#731=ORIENTED_EDGE('',*,*,#1223,.F.);
#732=ORIENTED_EDGE('',*,*,#1367,.F.);
#733=ORIENTED_EDGE('',*,*,#1242,.F.);
#734=ORIENTED_EDGE('',*,*,#1365,.T.);
#735=ORIENTED_EDGE('',*,*,#1185,.F.);
#736=ORIENTED_EDGE('',*,*,#1368,.F.);
#737=ORIENTED_EDGE('',*,*,#1225,.F.);
#738=ORIENTED_EDGE('',*,*,#1367,.T.);
#739=ORIENTED_EDGE('',*,*,#1222,.F.);
#740=ORIENTED_EDGE('',*,*,#1369,.F.);
#741=ORIENTED_EDGE('',*,*,#1112,.F.);
#742=ORIENTED_EDGE('',*,*,#1368,.T.);
#743=ORIENTED_EDGE('',*,*,#1230,.F.);
#744=ORIENTED_EDGE('',*,*,#1370,.F.);
#745=ORIENTED_EDGE('',*,*,#1226,.F.);
#746=ORIENTED_EDGE('',*,*,#1369,.T.);
#747=ORIENTED_EDGE('',*,*,#1221,.F.);
#748=ORIENTED_EDGE('',*,*,#1371,.F.);
#749=ORIENTED_EDGE('',*,*,#1102,.F.);
#750=ORIENTED_EDGE('',*,*,#1370,.T.);
#751=ORIENTED_EDGE('',*,*,#1233,.F.);
#752=ORIENTED_EDGE('',*,*,#1372,.F.);
#753=ORIENTED_EDGE('',*,*,#1227,.F.);
#754=ORIENTED_EDGE('',*,*,#1371,.T.);
#755=ORIENTED_EDGE('',*,*,#1220,.F.);
#756=ORIENTED_EDGE('',*,*,#1373,.F.);
#757=ORIENTED_EDGE('',*,*,#1192,.F.);
#758=ORIENTED_EDGE('',*,*,#1372,.T.);
#759=ORIENTED_EDGE('',*,*,#1236,.F.);
#760=ORIENTED_EDGE('',*,*,#1374,.F.);
#761=ORIENTED_EDGE('',*,*,#1228,.F.);
#762=ORIENTED_EDGE('',*,*,#1373,.T.);
#763=ORIENTED_EDGE('',*,*,#1219,.F.);
#764=ORIENTED_EDGE('',*,*,#1375,.F.);
#765=ORIENTED_EDGE('',*,*,#1189,.F.);
#766=ORIENTED_EDGE('',*,*,#1374,.T.);
#767=ORIENTED_EDGE('',*,*,#1238,.F.);
#768=ORIENTED_EDGE('',*,*,#1376,.F.);
#769=ORIENTED_EDGE('',*,*,#1216,.F.);
#770=ORIENTED_EDGE('',*,*,#1375,.T.);
#771=ORIENTED_EDGE('',*,*,#1218,.F.);
#772=ORIENTED_EDGE('',*,*,#1377,.F.);
#773=ORIENTED_EDGE('',*,*,#1240,.F.);
#774=ORIENTED_EDGE('',*,*,#1376,.T.);
#775=ORIENTED_EDGE('',*,*,#1198,.F.);
#776=ORIENTED_EDGE('',*,*,#1377,.T.);
#777=ORIENTED_EDGE('',*,*,#1217,.F.);
#778=ORIENTED_EDGE('',*,*,#1295,.T.);
#779=ORIENTED_EDGE('',*,*,#1293,.T.);
#780=ORIENTED_EDGE('',*,*,#1291,.T.);
#781=ORIENTED_EDGE('',*,*,#1289,.T.);
#782=ORIENTED_EDGE('',*,*,#1287,.T.);
#783=ORIENTED_EDGE('',*,*,#1285,.T.);
#784=ORIENTED_EDGE('',*,*,#1283,.T.);
#785=ORIENTED_EDGE('',*,*,#1378,.T.);
#786=ORIENTED_EDGE('',*,*,#1379,.T.);
#787=ORIENTED_EDGE('',*,*,#1380,.F.);
#788=ORIENTED_EDGE('',*,*,#1150,.F.);
#789=ORIENTED_EDGE('',*,*,#1381,.T.);
#790=ORIENTED_EDGE('',*,*,#1382,.T.);
#791=ORIENTED_EDGE('',*,*,#1383,.F.);
#792=ORIENTED_EDGE('',*,*,#1152,.T.);
#793=ORIENTED_EDGE('',*,*,#1384,.F.);
#794=ORIENTED_EDGE('',*,*,#1385,.T.);
#795=ORIENTED_EDGE('',*,*,#1386,.T.);
#796=ORIENTED_EDGE('',*,*,#1387,.T.);
#797=ORIENTED_EDGE('',*,*,#1388,.T.);
#798=ORIENTED_EDGE('',*,*,#1389,.F.);
#799=ORIENTED_EDGE('',*,*,#1386,.F.);
#800=ORIENTED_EDGE('',*,*,#1390,.T.);
#801=ORIENTED_EDGE('',*,*,#1378,.F.);
#802=ORIENTED_EDGE('',*,*,#1149,.T.);
#803=ORIENTED_EDGE('',*,*,#1383,.T.);
#804=ORIENTED_EDGE('',*,*,#1391,.T.);
#805=ORIENTED_EDGE('',*,*,#1388,.F.);
#806=ORIENTED_EDGE('',*,*,#1380,.T.);
#807=ORIENTED_EDGE('',*,*,#1392,.T.);
#808=ORIENTED_EDGE('',*,*,#1384,.T.);
#809=ORIENTED_EDGE('',*,*,#1393,.T.);
#810=ORIENTED_EDGE('',*,*,#1381,.F.);
#811=ORIENTED_EDGE('',*,*,#1151,.F.);
#812=ORIENTED_EDGE('',*,*,#1389,.T.);
#813=ORIENTED_EDGE('',*,*,#1390,.F.);
#814=ORIENTED_EDGE('',*,*,#1385,.F.);
#815=ORIENTED_EDGE('',*,*,#1392,.F.);
#816=ORIENTED_EDGE('',*,*,#1379,.F.);
#817=ORIENTED_EDGE('',*,*,#1391,.F.);
#818=ORIENTED_EDGE('',*,*,#1382,.F.);
#819=ORIENTED_EDGE('',*,*,#1393,.F.);
#820=ORIENTED_EDGE('',*,*,#1387,.F.);
#821=ORIENTED_EDGE('',*,*,#1394,.T.);
#822=ORIENTED_EDGE('',*,*,#1395,.T.);
#823=ORIENTED_EDGE('',*,*,#1396,.F.);
#824=ORIENTED_EDGE('',*,*,#1146,.F.);
#825=ORIENTED_EDGE('',*,*,#1397,.F.);
#826=ORIENTED_EDGE('',*,*,#1398,.T.);
#827=ORIENTED_EDGE('',*,*,#1399,.T.);
#828=ORIENTED_EDGE('',*,*,#1400,.T.);
#829=ORIENTED_EDGE('',*,*,#1401,.F.);
#830=ORIENTED_EDGE('',*,*,#1402,.T.);
#831=ORIENTED_EDGE('',*,*,#1403,.T.);
#832=ORIENTED_EDGE('',*,*,#1404,.T.);
#833=ORIENTED_EDGE('',*,*,#1405,.F.);
#834=ORIENTED_EDGE('',*,*,#1148,.T.);
#835=ORIENTED_EDGE('',*,*,#1401,.T.);
#836=ORIENTED_EDGE('',*,*,#1399,.F.);
#837=ORIENTED_EDGE('',*,*,#1406,.T.);
#838=ORIENTED_EDGE('',*,*,#1394,.F.);
#839=ORIENTED_EDGE('',*,*,#1145,.T.);
#840=ORIENTED_EDGE('',*,*,#1405,.T.);
#841=ORIENTED_EDGE('',*,*,#1407,.T.);
#842=ORIENTED_EDGE('',*,*,#1402,.F.);
#843=ORIENTED_EDGE('',*,*,#1396,.T.);
#844=ORIENTED_EDGE('',*,*,#1408,.T.);
#845=ORIENTED_EDGE('',*,*,#1397,.T.);
#846=ORIENTED_EDGE('',*,*,#1409,.T.);
#847=ORIENTED_EDGE('',*,*,#1403,.F.);
#848=ORIENTED_EDGE('',*,*,#1147,.F.);
#849=ORIENTED_EDGE('',*,*,#1406,.F.);
#850=ORIENTED_EDGE('',*,*,#1398,.F.);
#851=ORIENTED_EDGE('',*,*,#1408,.F.);
#852=ORIENTED_EDGE('',*,*,#1395,.F.);
#853=ORIENTED_EDGE('',*,*,#1407,.F.);
#854=ORIENTED_EDGE('',*,*,#1404,.F.);
#855=ORIENTED_EDGE('',*,*,#1409,.F.);
#856=ORIENTED_EDGE('',*,*,#1400,.F.);
#857=ORIENTED_EDGE('',*,*,#1410,.T.);
#858=ORIENTED_EDGE('',*,*,#1411,.T.);
#859=ORIENTED_EDGE('',*,*,#1412,.F.);
#860=ORIENTED_EDGE('',*,*,#1142,.F.);
#861=ORIENTED_EDGE('',*,*,#1413,.T.);
#862=ORIENTED_EDGE('',*,*,#1414,.T.);
#863=ORIENTED_EDGE('',*,*,#1415,.F.);
#864=ORIENTED_EDGE('',*,*,#1144,.T.);
#865=ORIENTED_EDGE('',*,*,#1416,.T.);
#866=ORIENTED_EDGE('',*,*,#1417,.T.);
#867=ORIENTED_EDGE('',*,*,#1418,.F.);
#868=ORIENTED_EDGE('',*,*,#1419,.T.);
#869=ORIENTED_EDGE('',*,*,#1420,.T.);
#870=ORIENTED_EDGE('',*,*,#1421,.F.);
#871=ORIENTED_EDGE('',*,*,#1415,.T.);
#872=ORIENTED_EDGE('',*,*,#1422,.T.);
#873=ORIENTED_EDGE('',*,*,#1416,.F.);
#874=ORIENTED_EDGE('',*,*,#1423,.T.);
#875=ORIENTED_EDGE('',*,*,#1410,.F.);
#876=ORIENTED_EDGE('',*,*,#1141,.T.);
#877=ORIENTED_EDGE('',*,*,#1420,.F.);
#878=ORIENTED_EDGE('',*,*,#1418,.T.);
#879=ORIENTED_EDGE('',*,*,#1424,.T.);
#880=ORIENTED_EDGE('',*,*,#1413,.F.);
#881=ORIENTED_EDGE('',*,*,#1143,.F.);
#882=ORIENTED_EDGE('',*,*,#1412,.T.);
#883=ORIENTED_EDGE('',*,*,#1425,.T.);
#884=ORIENTED_EDGE('',*,*,#1421,.T.);
#885=ORIENTED_EDGE('',*,*,#1426,.T.);
#886=ORIENTED_EDGE('',*,*,#1427,.T.);
#887=ORIENTED_EDGE('',*,*,#1428,.F.);
#888=ORIENTED_EDGE('',*,*,#1168,.T.);
#889=ORIENTED_EDGE('',*,*,#1429,.T.);
#890=ORIENTED_EDGE('',*,*,#1430,.T.);
#891=ORIENTED_EDGE('',*,*,#1431,.F.);
#892=ORIENTED_EDGE('',*,*,#1432,.T.);
#893=ORIENTED_EDGE('',*,*,#1433,.T.);
#894=ORIENTED_EDGE('',*,*,#1434,.F.);
#895=ORIENTED_EDGE('',*,*,#1435,.T.);
#896=ORIENTED_EDGE('',*,*,#1436,.T.);
#897=ORIENTED_EDGE('',*,*,#1437,.F.);
#898=ORIENTED_EDGE('',*,*,#1170,.F.);
#899=ORIENTED_EDGE('',*,*,#1433,.F.);
#900=ORIENTED_EDGE('',*,*,#1431,.T.);
#901=ORIENTED_EDGE('',*,*,#1438,.T.);
#902=ORIENTED_EDGE('',*,*,#1435,.F.);
#903=ORIENTED_EDGE('',*,*,#1169,.F.);
#904=ORIENTED_EDGE('',*,*,#1428,.T.);
#905=ORIENTED_EDGE('',*,*,#1439,.T.);
#906=ORIENTED_EDGE('',*,*,#1434,.T.);
#907=ORIENTED_EDGE('',*,*,#1437,.T.);
#908=ORIENTED_EDGE('',*,*,#1440,.T.);
#909=ORIENTED_EDGE('',*,*,#1429,.F.);
#910=ORIENTED_EDGE('',*,*,#1441,.T.);
#911=ORIENTED_EDGE('',*,*,#1426,.F.);
#912=ORIENTED_EDGE('',*,*,#1171,.T.);
#913=ORIENTED_EDGE('',*,*,#1438,.F.);
#914=ORIENTED_EDGE('',*,*,#1430,.F.);
#915=ORIENTED_EDGE('',*,*,#1440,.F.);
#916=ORIENTED_EDGE('',*,*,#1436,.F.);
#917=ORIENTED_EDGE('',*,*,#1439,.F.);
#918=ORIENTED_EDGE('',*,*,#1427,.F.);
#919=ORIENTED_EDGE('',*,*,#1441,.F.);
#920=ORIENTED_EDGE('',*,*,#1432,.F.);
#921=ORIENTED_EDGE('',*,*,#1422,.F.);
#922=ORIENTED_EDGE('',*,*,#1414,.F.);
#923=ORIENTED_EDGE('',*,*,#1424,.F.);
#924=ORIENTED_EDGE('',*,*,#1417,.F.);
#925=ORIENTED_EDGE('',*,*,#1423,.F.);
#926=ORIENTED_EDGE('',*,*,#1419,.F.);
#927=ORIENTED_EDGE('',*,*,#1425,.F.);
#928=ORIENTED_EDGE('',*,*,#1411,.F.);
#929=ORIENTED_EDGE('',*,*,#1442,.T.);
#930=ORIENTED_EDGE('',*,*,#1443,.T.);
#931=ORIENTED_EDGE('',*,*,#1444,.F.);
#932=ORIENTED_EDGE('',*,*,#1138,.F.);
#933=ORIENTED_EDGE('',*,*,#1445,.F.);
#934=ORIENTED_EDGE('',*,*,#1446,.T.);
#935=ORIENTED_EDGE('',*,*,#1447,.T.);
#936=ORIENTED_EDGE('',*,*,#1448,.T.);
#937=ORIENTED_EDGE('',*,*,#1449,.F.);
#938=ORIENTED_EDGE('',*,*,#1450,.T.);
#939=ORIENTED_EDGE('',*,*,#1451,.T.);
#940=ORIENTED_EDGE('',*,*,#1452,.T.);
#941=ORIENTED_EDGE('',*,*,#1453,.F.);
#942=ORIENTED_EDGE('',*,*,#1140,.T.);
#943=ORIENTED_EDGE('',*,*,#1449,.T.);
#944=ORIENTED_EDGE('',*,*,#1447,.F.);
#945=ORIENTED_EDGE('',*,*,#1454,.T.);
#946=ORIENTED_EDGE('',*,*,#1442,.F.);
#947=ORIENTED_EDGE('',*,*,#1137,.T.);
#948=ORIENTED_EDGE('',*,*,#1453,.T.);
#949=ORIENTED_EDGE('',*,*,#1455,.T.);
#950=ORIENTED_EDGE('',*,*,#1450,.F.);
#951=ORIENTED_EDGE('',*,*,#1444,.T.);
#952=ORIENTED_EDGE('',*,*,#1456,.T.);
#953=ORIENTED_EDGE('',*,*,#1445,.T.);
#954=ORIENTED_EDGE('',*,*,#1457,.T.);
#955=ORIENTED_EDGE('',*,*,#1451,.F.);
#956=ORIENTED_EDGE('',*,*,#1139,.F.);
#957=ORIENTED_EDGE('',*,*,#1458,.T.);
#958=ORIENTED_EDGE('',*,*,#1459,.T.);
#959=ORIENTED_EDGE('',*,*,#1460,.F.);
#960=ORIENTED_EDGE('',*,*,#1172,.T.);
#961=ORIENTED_EDGE('',*,*,#1461,.T.);
#962=ORIENTED_EDGE('',*,*,#1462,.T.);
#963=ORIENTED_EDGE('',*,*,#1463,.F.);
#964=ORIENTED_EDGE('',*,*,#1464,.T.);
#965=ORIENTED_EDGE('',*,*,#1465,.T.);
#966=ORIENTED_EDGE('',*,*,#1466,.F.);
#967=ORIENTED_EDGE('',*,*,#1467,.T.);
#968=ORIENTED_EDGE('',*,*,#1468,.T.);
#969=ORIENTED_EDGE('',*,*,#1469,.F.);
#970=ORIENTED_EDGE('',*,*,#1174,.F.);
#971=ORIENTED_EDGE('',*,*,#1465,.F.);
#972=ORIENTED_EDGE('',*,*,#1463,.T.);
#973=ORIENTED_EDGE('',*,*,#1470,.T.);
#974=ORIENTED_EDGE('',*,*,#1467,.F.);
#975=ORIENTED_EDGE('',*,*,#1173,.F.);
#976=ORIENTED_EDGE('',*,*,#1460,.T.);
#977=ORIENTED_EDGE('',*,*,#1471,.T.);
#978=ORIENTED_EDGE('',*,*,#1466,.T.);
#979=ORIENTED_EDGE('',*,*,#1469,.T.);
#980=ORIENTED_EDGE('',*,*,#1472,.T.);
#981=ORIENTED_EDGE('',*,*,#1461,.F.);
#982=ORIENTED_EDGE('',*,*,#1473,.T.);
#983=ORIENTED_EDGE('',*,*,#1458,.F.);
#984=ORIENTED_EDGE('',*,*,#1175,.T.);
#985=ORIENTED_EDGE('',*,*,#1474,.T.);
#986=ORIENTED_EDGE('',*,*,#1475,.T.);
#987=ORIENTED_EDGE('',*,*,#1476,.F.);
#988=ORIENTED_EDGE('',*,*,#1176,.T.);
#989=ORIENTED_EDGE('',*,*,#1477,.T.);
#990=ORIENTED_EDGE('',*,*,#1478,.T.);
#991=ORIENTED_EDGE('',*,*,#1479,.F.);
#992=ORIENTED_EDGE('',*,*,#1178,.F.);
#993=ORIENTED_EDGE('',*,*,#1480,.T.);
#994=ORIENTED_EDGE('',*,*,#1481,.T.);
#995=ORIENTED_EDGE('',*,*,#1482,.F.);
#996=ORIENTED_EDGE('',*,*,#1483,.T.);
#997=ORIENTED_EDGE('',*,*,#1484,.F.);
#998=ORIENTED_EDGE('',*,*,#1485,.T.);
#999=ORIENTED_EDGE('',*,*,#1482,.T.);
#1000=ORIENTED_EDGE('',*,*,#1486,.T.);
#1001=ORIENTED_EDGE('',*,*,#1477,.F.);
#1002=ORIENTED_EDGE('',*,*,#1177,.F.);
#1003=ORIENTED_EDGE('',*,*,#1476,.T.);
#1004=ORIENTED_EDGE('',*,*,#1487,.T.);
#1005=ORIENTED_EDGE('',*,*,#1484,.T.);
#1006=ORIENTED_EDGE('',*,*,#1479,.T.);
#1007=ORIENTED_EDGE('',*,*,#1488,.T.);
#1008=ORIENTED_EDGE('',*,*,#1480,.F.);
#1009=ORIENTED_EDGE('',*,*,#1489,.T.);
#1010=ORIENTED_EDGE('',*,*,#1474,.F.);
#1011=ORIENTED_EDGE('',*,*,#1179,.T.);
#1012=ORIENTED_EDGE('',*,*,#1485,.F.);
#1013=ORIENTED_EDGE('',*,*,#1490,.T.);
#1014=ORIENTED_EDGE('',*,*,#1491,.T.);
#1015=ORIENTED_EDGE('',*,*,#1492,.F.);
#1016=ORIENTED_EDGE('',*,*,#1180,.T.);
#1017=ORIENTED_EDGE('',*,*,#1493,.T.);
#1018=ORIENTED_EDGE('',*,*,#1494,.T.);
#1019=ORIENTED_EDGE('',*,*,#1495,.F.);
#1020=ORIENTED_EDGE('',*,*,#1182,.F.);
#1021=ORIENTED_EDGE('',*,*,#1496,.T.);
#1022=ORIENTED_EDGE('',*,*,#1497,.T.);
#1023=ORIENTED_EDGE('',*,*,#1498,.F.);
#1024=ORIENTED_EDGE('',*,*,#1499,.T.);
#1025=ORIENTED_EDGE('',*,*,#1500,.F.);
#1026=ORIENTED_EDGE('',*,*,#1501,.T.);
#1027=ORIENTED_EDGE('',*,*,#1498,.T.);
#1028=ORIENTED_EDGE('',*,*,#1502,.T.);
#1029=ORIENTED_EDGE('',*,*,#1493,.F.);
#1030=ORIENTED_EDGE('',*,*,#1181,.F.);
#1031=ORIENTED_EDGE('',*,*,#1492,.T.);
#1032=ORIENTED_EDGE('',*,*,#1503,.T.);
#1033=ORIENTED_EDGE('',*,*,#1500,.T.);
#1034=ORIENTED_EDGE('',*,*,#1495,.T.);
#1035=ORIENTED_EDGE('',*,*,#1504,.T.);
#1036=ORIENTED_EDGE('',*,*,#1496,.F.);
#1037=ORIENTED_EDGE('',*,*,#1505,.T.);
#1038=ORIENTED_EDGE('',*,*,#1490,.F.);
#1039=ORIENTED_EDGE('',*,*,#1183,.T.);
#1040=ORIENTED_EDGE('',*,*,#1501,.F.);
#1041=ORIENTED_EDGE('',*,*,#1486,.F.);
#1042=ORIENTED_EDGE('',*,*,#1481,.F.);
#1043=ORIENTED_EDGE('',*,*,#1488,.F.);
#1044=ORIENTED_EDGE('',*,*,#1478,.F.);
#1045=ORIENTED_EDGE('',*,*,#1487,.F.);
#1046=ORIENTED_EDGE('',*,*,#1475,.F.);
#1047=ORIENTED_EDGE('',*,*,#1489,.F.);
#1048=ORIENTED_EDGE('',*,*,#1483,.F.);
#1049=ORIENTED_EDGE('',*,*,#1502,.F.);
#1050=ORIENTED_EDGE('',*,*,#1497,.F.);
#1051=ORIENTED_EDGE('',*,*,#1504,.F.);
#1052=ORIENTED_EDGE('',*,*,#1494,.F.);
#1053=ORIENTED_EDGE('',*,*,#1503,.F.);
#1054=ORIENTED_EDGE('',*,*,#1491,.F.);
#1055=ORIENTED_EDGE('',*,*,#1505,.F.);
#1056=ORIENTED_EDGE('',*,*,#1499,.F.);
#1057=ORIENTED_EDGE('',*,*,#1454,.F.);
#1058=ORIENTED_EDGE('',*,*,#1446,.F.);
#1059=ORIENTED_EDGE('',*,*,#1456,.F.);
#1060=ORIENTED_EDGE('',*,*,#1443,.F.);
#1061=ORIENTED_EDGE('',*,*,#1455,.F.);
#1062=ORIENTED_EDGE('',*,*,#1452,.F.);
#1063=ORIENTED_EDGE('',*,*,#1457,.F.);
#1064=ORIENTED_EDGE('',*,*,#1448,.F.);
#1065=ORIENTED_EDGE('',*,*,#1470,.F.);
#1066=ORIENTED_EDGE('',*,*,#1462,.F.);
#1067=ORIENTED_EDGE('',*,*,#1472,.F.);
#1068=ORIENTED_EDGE('',*,*,#1468,.F.);
#1069=ORIENTED_EDGE('',*,*,#1471,.F.);
#1070=ORIENTED_EDGE('',*,*,#1459,.F.);
#1071=ORIENTED_EDGE('',*,*,#1473,.F.);
#1072=ORIENTED_EDGE('',*,*,#1464,.F.);
#1073=ORIENTED_EDGE('',*,*,#1506,.T.);
#1074=ORIENTED_EDGE('',*,*,#1099,.T.);
#1075=ORIENTED_EDGE('',*,*,#1507,.F.);
#1076=ORIENTED_EDGE('',*,*,#1114,.F.);
#1077=ORIENTED_EDGE('',*,*,#1508,.F.);
#1078=ORIENTED_EDGE('',*,*,#1132,.T.);
#1079=ORIENTED_EDGE('',*,*,#1509,.T.);
#1080=ORIENTED_EDGE('',*,*,#1108,.F.);
#1081=ORIENTED_EDGE('',*,*,#1100,.F.);
#1082=ORIENTED_EDGE('',*,*,#1506,.F.);
#1083=ORIENTED_EDGE('',*,*,#1113,.T.);
#1084=ORIENTED_EDGE('',*,*,#1135,.T.);
#1085=ORIENTED_EDGE('',*,*,#1121,.T.);
#1086=ORIENTED_EDGE('',*,*,#1133,.F.);
#1087=ORIENTED_EDGE('',*,*,#1125,.T.);
#1088=ORIENTED_EDGE('',*,*,#1508,.T.);
#1089=ORIENTED_EDGE('',*,*,#1107,.F.);
#1090=ORIENTED_EDGE('',*,*,#1109,.T.);
#1091=ORIENTED_EDGE('',*,*,#1509,.F.);
#1092=ORIENTED_EDGE('',*,*,#1131,.F.);
#1093=ORIENTED_EDGE('',*,*,#1327,.T.);
#1094=ORIENTED_EDGE('',*,*,#1280,.F.);
#1095=ORIENTED_EDGE('',*,*,#1338,.F.);
#1096=ORIENTED_EDGE('',*,*,#1115,.F.);
#1097=ORIENTED_EDGE('',*,*,#1507,.T.);
#1098=ORIENTED_EDGE('',*,*,#1106,.T.);
#1099=EDGE_CURVE('',#1510,#1511,#1769,.T.);
#1100=EDGE_CURVE('',#1510,#1512,#1770,.T.);
#1101=EDGE_CURVE('',#1512,#1513,#1771,.T.);
#1102=EDGE_CURVE('',#1513,#1514,#1772,.T.);
#1103=EDGE_CURVE('',#1515,#1514,#1773,.T.);
#1104=EDGE_CURVE('',#1515,#1516,#1774,.T.);
#1105=EDGE_CURVE('',#1516,#1517,#1775,.T.);
#1106=EDGE_CURVE('',#1511,#1517,#1776,.T.);
#1107=EDGE_CURVE('',#1512,#1518,#1777,.T.);
#1108=EDGE_CURVE('',#1518,#1519,#1778,.T.);
#1109=EDGE_CURVE('',#1517,#1519,#1779,.T.);
#1110=EDGE_CURVE('',#1516,#1520,#1780,.T.);
#1111=EDGE_CURVE('',#1520,#1521,#1781,.T.);
#1112=EDGE_CURVE('',#1521,#1513,#1782,.T.);
#1113=EDGE_CURVE('',#1522,#1523,#1783,.T.);
#1114=EDGE_CURVE('',#1522,#1524,#1784,.T.);
#1115=EDGE_CURVE('',#1524,#1525,#1785,.T.);
#1116=EDGE_CURVE('',#1525,#1526,#1786,.T.);
#1117=EDGE_CURVE('',#1526,#1527,#1787,.F.);
#1118=EDGE_CURVE('',#1527,#1528,#1788,.T.);
#1119=EDGE_CURVE('',#1528,#1529,#1789,.F.);
#1120=EDGE_CURVE('',#1529,#1523,#1790,.T.);
#1121=EDGE_CURVE('',#1530,#1531,#1791,.T.);
#1122=EDGE_CURVE('',#1530,#1532,#1792,.F.);
#1123=EDGE_CURVE('',#1532,#1533,#1793,.F.);
#1124=EDGE_CURVE('',#1533,#1531,#1794,.F.);
#1125=EDGE_CURVE('',#1534,#1535,#1795,.T.);
#1126=EDGE_CURVE('',#1534,#1536,#1796,.T.);
#1127=EDGE_CURVE('',#1536,#1537,#1797,.F.);
#1128=EDGE_CURVE('',#1537,#1538,#1798,.F.);
#1129=EDGE_CURVE('',#1538,#1539,#1799,.F.);
#1130=EDGE_CURVE('',#1539,#1540,#1800,.T.);
#1131=EDGE_CURVE('',#1540,#1541,#1801,.T.);
#1132=EDGE_CURVE('',#1535,#1541,#1802,.T.);
#1133=EDGE_CURVE('',#1534,#1531,#49,.F.);
#1134=EDGE_CURVE('',#1533,#1536,#50,.F.);
#1135=EDGE_CURVE('',#1523,#1530,#51,.F.);
#1136=EDGE_CURVE('',#1529,#1532,#52,.F.);
#1137=EDGE_CURVE('',#1542,#1543,#1803,.T.);
#1138=EDGE_CURVE('',#1542,#1544,#1804,.T.);
#1139=EDGE_CURVE('',#1544,#1545,#1805,.T.);
#1140=EDGE_CURVE('',#1543,#1545,#1806,.T.);
#1141=EDGE_CURVE('',#1546,#1547,#1807,.T.);
#1142=EDGE_CURVE('',#1546,#1548,#1808,.T.);
#1143=EDGE_CURVE('',#1548,#1549,#1809,.T.);
#1144=EDGE_CURVE('',#1547,#1549,#1810,.T.);
#1145=EDGE_CURVE('',#1550,#1551,#1811,.T.);
#1146=EDGE_CURVE('',#1550,#1552,#1812,.T.);
#1147=EDGE_CURVE('',#1552,#1553,#1813,.T.);
#1148=EDGE_CURVE('',#1551,#1553,#1814,.T.);
#1149=EDGE_CURVE('',#1554,#1555,#1815,.T.);
#1150=EDGE_CURVE('',#1554,#1556,#1816,.T.);
#1151=EDGE_CURVE('',#1556,#1557,#1817,.T.);
#1152=EDGE_CURVE('',#1555,#1557,#1818,.T.);
#1153=EDGE_CURVE('',#1558,#1559,#1819,.T.);
#1154=EDGE_CURVE('',#1559,#1560,#1820,.T.);
#1155=EDGE_CURVE('',#1560,#1561,#1821,.T.);
#1156=EDGE_CURVE('',#1562,#1561,#53,.T.);
#1157=EDGE_CURVE('',#1562,#1563,#1822,.T.);
#1158=EDGE_CURVE('',#1563,#1564,#1823,.T.);
#1159=EDGE_CURVE('',#1564,#1565,#1824,.T.);
#1160=EDGE_CURVE('',#1565,#1566,#1825,.T.);
#1161=EDGE_CURVE('',#1567,#1566,#54,.T.);
#1162=EDGE_CURVE('',#1567,#1568,#1826,.T.);
#1163=EDGE_CURVE('',#1568,#1569,#1827,.T.);
#1164=EDGE_CURVE('',#1570,#1569,#55,.T.);
#1165=EDGE_CURVE('',#1570,#1571,#1828,.T.);
#1166=EDGE_CURVE('',#1571,#1572,#56,.T.);
#1167=EDGE_CURVE('',#1572,#1558,#1829,.T.);
#1168=EDGE_CURVE('',#1573,#1574,#1830,.T.);
#1169=EDGE_CURVE('',#1573,#1575,#1831,.T.);
#1170=EDGE_CURVE('',#1575,#1576,#1832,.T.);
#1171=EDGE_CURVE('',#1574,#1576,#1833,.T.);
#1172=EDGE_CURVE('',#1577,#1578,#1834,.T.);
#1173=EDGE_CURVE('',#1577,#1579,#1835,.T.);
#1174=EDGE_CURVE('',#1579,#1580,#1836,.T.);
#1175=EDGE_CURVE('',#1578,#1580,#1837,.T.);
#1176=EDGE_CURVE('',#1581,#1582,#1838,.T.);
#1177=EDGE_CURVE('',#1581,#1583,#1839,.T.);
#1178=EDGE_CURVE('',#1583,#1584,#1840,.T.);
#1179=EDGE_CURVE('',#1582,#1584,#1841,.T.);
#1180=EDGE_CURVE('',#1585,#1586,#1842,.T.);
#1181=EDGE_CURVE('',#1585,#1587,#1843,.T.);
#1182=EDGE_CURVE('',#1587,#1588,#1844,.T.);
#1183=EDGE_CURVE('',#1586,#1588,#1845,.T.);
#1184=EDGE_CURVE('',#1589,#1590,#1846,.T.);
#1185=EDGE_CURVE('',#1590,#1591,#1847,.T.);
#1186=EDGE_CURVE('',#1592,#1591,#1848,.T.);
#1187=EDGE_CURVE('',#1592,#1589,#1849,.T.);
#1188=EDGE_CURVE('',#1593,#1594,#1850,.T.);
#1189=EDGE_CURVE('',#1594,#1595,#1851,.T.);
#1190=EDGE_CURVE('',#1596,#1595,#1852,.T.);
#1191=EDGE_CURVE('',#1596,#1593,#1853,.T.);
#1192=EDGE_CURVE('',#1514,#1594,#1854,.T.);
#1193=EDGE_CURVE('',#1593,#1515,#1855,.T.);
#1194=EDGE_CURVE('',#1591,#1597,#1856,.T.);
#1195=EDGE_CURVE('',#1598,#1597,#1857,.T.);
#1196=EDGE_CURVE('',#1598,#1592,#1858,.T.);
#1197=EDGE_CURVE('',#1599,#1600,#1859,.T.);
#1198=EDGE_CURVE('',#1600,#1601,#57,.F.);
#1199=EDGE_CURVE('',#1602,#1601,#1860,.T.);
#1200=EDGE_CURVE('',#1602,#1599,#58,.T.);
#1201=EDGE_CURVE('',#1603,#1604,#1861,.F.);
#1202=EDGE_CURVE('',#1604,#1605,#59,.F.);
#1203=EDGE_CURVE('',#1605,#1606,#1862,.F.);
#1204=EDGE_CURVE('',#1607,#1606,#60,.F.);
#1205=EDGE_CURVE('',#1607,#1608,#1863,.F.);
#1206=EDGE_CURVE('',#1608,#1609,#1864,.F.);
#1207=EDGE_CURVE('',#1610,#1609,#61,.F.);
#1208=EDGE_CURVE('',#1610,#1611,#1865,.F.);
#1209=EDGE_CURVE('',#1611,#1612,#1866,.F.);
#1210=EDGE_CURVE('',#1612,#1613,#1867,.F.);
#1211=EDGE_CURVE('',#1613,#1614,#1868,.F.);
#1212=EDGE_CURVE('',#1615,#1614,#62,.F.);
#1213=EDGE_CURVE('',#1615,#1616,#1869,.F.);
#1214=EDGE_CURVE('',#1616,#1617,#1870,.F.);
#1215=EDGE_CURVE('',#1617,#1603,#1871,.F.);
#1216=EDGE_CURVE('',#1618,#1619,#1872,.T.);
#1217=EDGE_CURVE('',#1619,#1620,#63,.T.);
#1218=EDGE_CURVE('',#1620,#1621,#1873,.T.);
#1219=EDGE_CURVE('',#1621,#1622,#1874,.T.);
#1220=EDGE_CURVE('',#1622,#1623,#1875,.T.);
#1221=EDGE_CURVE('',#1623,#1624,#1876,.T.);
#1222=EDGE_CURVE('',#1624,#1625,#1877,.T.);
#1223=EDGE_CURVE('',#1625,#1626,#1878,.T.);
#1224=EDGE_CURVE('',#1626,#1627,#1879,.T.);
#1225=EDGE_CURVE('',#1627,#1628,#1880,.T.);
#1226=EDGE_CURVE('',#1628,#1629,#1881,.T.);
#1227=EDGE_CURVE('',#1629,#1630,#1882,.T.);
#1228=EDGE_CURVE('',#1630,#1618,#1883,.T.);
#1229=EDGE_CURVE('',#1631,#1632,#1884,.T.);
#1230=EDGE_CURVE('',#1632,#1590,#1885,.T.);
#1231=EDGE_CURVE('',#1589,#1631,#1886,.T.);
#1232=EDGE_CURVE('',#1633,#1634,#1887,.T.);
#1233=EDGE_CURVE('',#1634,#1632,#1888,.T.);
#1234=EDGE_CURVE('',#1631,#1633,#1889,.T.);
#1235=EDGE_CURVE('',#1635,#1636,#1890,.T.);
#1236=EDGE_CURVE('',#1636,#1634,#1891,.T.);
#1237=EDGE_CURVE('',#1633,#1635,#1892,.T.);
#1238=EDGE_CURVE('',#1601,#1636,#1893,.T.);
#1239=EDGE_CURVE('',#1635,#1602,#1894,.T.);
#1240=EDGE_CURVE('',#1595,#1600,#1895,.T.);
#1241=EDGE_CURVE('',#1596,#1599,#1896,.T.);
#1242=EDGE_CURVE('',#1597,#1521,#1897,.T.);
#1243=EDGE_CURVE('',#1520,#1598,#1898,.T.);
#1244=EDGE_CURVE('',#1637,#1638,#1899,.F.);
#1245=EDGE_CURVE('',#1638,#1639,#1900,.F.);
#1246=EDGE_CURVE('',#1639,#1640,#1901,.T.);
#1247=EDGE_CURVE('',#1640,#1637,#1902,.F.);
#1248=EDGE_CURVE('',#1641,#1642,#1903,.F.);
#1249=EDGE_CURVE('',#1642,#1643,#1904,.F.);
#1250=EDGE_CURVE('',#1643,#1644,#1905,.T.);
#1251=EDGE_CURVE('',#1644,#1641,#1906,.F.);
#1252=EDGE_CURVE('',#1645,#1646,#1907,.F.);
#1253=EDGE_CURVE('',#1646,#1647,#1908,.F.);
#1254=EDGE_CURVE('',#1647,#1648,#1909,.T.);
#1255=EDGE_CURVE('',#1648,#1645,#1910,.F.);
#1256=EDGE_CURVE('',#1649,#1650,#1911,.F.);
#1257=EDGE_CURVE('',#1650,#1651,#1912,.F.);
#1258=EDGE_CURVE('',#1651,#1652,#1913,.T.);
#1259=EDGE_CURVE('',#1652,#1649,#1914,.F.);
#1260=EDGE_CURVE('',#1653,#1654,#1915,.T.);
#1261=EDGE_CURVE('',#1653,#1655,#1916,.F.);
#1262=EDGE_CURVE('',#1655,#1656,#1917,.T.);
#1263=EDGE_CURVE('',#1656,#1654,#1918,.F.);
#1264=EDGE_CURVE('',#1657,#1658,#1919,.F.);
#1265=EDGE_CURVE('',#1658,#1653,#64,.F.);
#1266=EDGE_CURVE('',#1654,#1657,#65,.T.);
#1267=EDGE_CURVE('',#1659,#1660,#1920,.F.);
#1268=EDGE_CURVE('',#1660,#1661,#1921,.F.);
#1269=EDGE_CURVE('',#1661,#1662,#1922,.T.);
#1270=EDGE_CURVE('',#1662,#1659,#1923,.F.);
#1271=EDGE_CURVE('',#1663,#1664,#1924,.F.);
#1272=EDGE_CURVE('',#1664,#1665,#1925,.F.);
#1273=EDGE_CURVE('',#1665,#1666,#1926,.T.);
#1274=EDGE_CURVE('',#1666,#1663,#1927,.F.);
#1275=EDGE_CURVE('',#1667,#1668,#1928,.F.);
#1276=EDGE_CURVE('',#1668,#1669,#1929,.F.);
#1277=EDGE_CURVE('',#1669,#1670,#1930,.T.);
#1278=EDGE_CURVE('',#1670,#1667,#1931,.F.);
#1279=EDGE_CURVE('',#1671,#1672,#1932,.F.);
#1280=EDGE_CURVE('',#1672,#1673,#1933,.T.);
#1281=EDGE_CURVE('',#1673,#1674,#1934,.F.);
#1282=EDGE_CURVE('',#1674,#1671,#1935,.F.);
#1283=EDGE_CURVE('',#1675,#1675,#66,.T.);
#1284=EDGE_CURVE('',#1676,#1676,#67,.T.);
#1285=EDGE_CURVE('',#1677,#1677,#68,.T.);
#1286=EDGE_CURVE('',#1678,#1678,#69,.T.);
#1287=EDGE_CURVE('',#1679,#1679,#70,.T.);
#1288=EDGE_CURVE('',#1680,#1680,#71,.T.);
#1289=EDGE_CURVE('',#1681,#1681,#72,.T.);
#1290=EDGE_CURVE('',#1682,#1682,#73,.T.);
#1291=EDGE_CURVE('',#1683,#1683,#74,.T.);
#1292=EDGE_CURVE('',#1684,#1684,#75,.T.);
#1293=EDGE_CURVE('',#1685,#1685,#76,.T.);
#1294=EDGE_CURVE('',#1686,#1686,#77,.T.);
#1295=EDGE_CURVE('',#1687,#1687,#78,.T.);
#1296=EDGE_CURVE('',#1688,#1688,#79,.T.);
#1297=EDGE_CURVE('',#1611,#1644,#80,.T.);
#1298=EDGE_CURVE('',#1641,#1610,#81,.T.);
#1299=EDGE_CURVE('',#1611,#1637,#82,.F.);
#1300=EDGE_CURVE('',#1637,#1644,#83,.F.);
#1301=EDGE_CURVE('',#1648,#1609,#84,.F.);
#1302=EDGE_CURVE('',#1641,#1648,#85,.F.);
#1303=EDGE_CURVE('',#1638,#1643,#86,.T.);
#1304=EDGE_CURVE('',#1612,#1640,#87,.T.);
#1305=EDGE_CURVE('',#1645,#1608,#88,.T.);
#1306=EDGE_CURVE('',#1642,#1647,#89,.F.);
#1307=EDGE_CURVE('',#1643,#1565,#90,.T.);
#1308=EDGE_CURVE('',#1566,#1642,#91,.T.);
#1309=EDGE_CURVE('',#1638,#1565,#92,.F.);
#1310=EDGE_CURVE('',#1612,#1537,#93,.F.);
#1311=EDGE_CURVE('',#1537,#1640,#94,.F.);
#1312=EDGE_CURVE('',#1645,#1652,#95,.F.);
#1313=EDGE_CURVE('',#1652,#1608,#96,.F.);
#1314=EDGE_CURVE('',#1567,#1647,#97,.F.);
#1315=EDGE_CURVE('',#1639,#1564,#98,.T.);
#1316=EDGE_CURVE('',#1538,#1639,#99,.T.);
#1317=EDGE_CURVE('',#1613,#1536,#100,.T.);
#1318=EDGE_CURVE('',#1649,#1607,#101,.T.);
#1319=EDGE_CURVE('',#1646,#1651,#102,.T.);
#1320=EDGE_CURVE('',#1568,#1646,#103,.T.);
#1321=EDGE_CURVE('',#1538,#1564,#104,.F.);
#1322=EDGE_CURVE('',#1613,#1533,#105,.F.);
#1323=EDGE_CURVE('',#1656,#1606,#106,.F.);
#1324=EDGE_CURVE('',#1649,#1656,#107,.F.);
#1325=EDGE_CURVE('',#1568,#1651,#108,.F.);
#1326=EDGE_CURVE('',#1539,#1563,#109,.T.);
#1327=EDGE_CURVE('',#1540,#1673,#110,.F.);
#1328=EDGE_CURVE('',#1674,#1539,#111,.T.);
#1329=EDGE_CURVE('',#1614,#1532,#112,.T.);
#1330=EDGE_CURVE('',#1654,#1605,#113,.T.);
#1331=EDGE_CURVE('',#1650,#1655,#114,.F.);
#1332=EDGE_CURVE('',#1569,#1650,#115,.T.);
#1333=EDGE_CURVE('',#1674,#1563,#116,.F.);
#1334=EDGE_CURVE('',#1615,#1529,#117,.F.);
#1335=EDGE_CURVE('',#1657,#1604,#118,.T.);
#1336=EDGE_CURVE('',#1570,#1655,#119,.F.);
#1337=EDGE_CURVE('',#1671,#1562,#120,.T.);
#1338=EDGE_CURVE('',#1525,#1672,#121,.F.);
#1339=EDGE_CURVE('',#1526,#1671,#122,.F.);
#1340=EDGE_CURVE('',#1616,#1528,#123,.T.);
#1341=EDGE_CURVE('',#1657,#1662,#124,.F.);
#1342=EDGE_CURVE('',#1662,#1604,#125,.F.);
#1343=EDGE_CURVE('',#1571,#1653,#126,.T.);
#1344=EDGE_CURVE('',#1526,#1561,#127,.F.);
#1345=EDGE_CURVE('',#1616,#1667,#128,.F.);
#1346=EDGE_CURVE('',#1667,#1528,#129,.F.);
#1347=EDGE_CURVE('',#1659,#1603,#130,.T.);
#1348=EDGE_CURVE('',#1658,#1661,#131,.T.);
#1349=EDGE_CURVE('',#1572,#1658,#132,.T.);
#1350=EDGE_CURVE('',#1527,#1560,#133,.T.);
#1351=EDGE_CURVE('',#1668,#1527,#134,.T.);
#1352=EDGE_CURVE('',#1617,#1670,#135,.T.);
#1353=EDGE_CURVE('',#1603,#1666,#136,.T.);
#1354=EDGE_CURVE('',#1663,#1617,#137,.T.);
#1355=EDGE_CURVE('',#1659,#1666,#138,.F.);
#1356=EDGE_CURVE('',#1572,#1661,#139,.F.);
#1357=EDGE_CURVE('',#1668,#1560,#140,.F.);
#1358=EDGE_CURVE('',#1663,#1670,#141,.F.);
#1359=EDGE_CURVE('',#1660,#1665,#142,.T.);
#1360=EDGE_CURVE('',#1558,#1660,#143,.T.);
#1361=EDGE_CURVE('',#1669,#1559,#144,.T.);
#1362=EDGE_CURVE('',#1664,#1669,#145,.T.);
#1363=EDGE_CURVE('',#1558,#1665,#146,.F.);
#1364=EDGE_CURVE('',#1664,#1559,#147,.F.);
#1365=EDGE_CURVE('',#1627,#1591,#13,.F.);
#1366=EDGE_CURVE('',#1597,#1626,#14,.T.);
#1367=EDGE_CURVE('',#1521,#1625,#15,.T.);
#1368=EDGE_CURVE('',#1628,#1590,#16,.F.);
#1369=EDGE_CURVE('',#1513,#1624,#17,.T.);
#1370=EDGE_CURVE('',#1629,#1632,#18,.F.);
#1371=EDGE_CURVE('',#1514,#1623,#19,.T.);
#1372=EDGE_CURVE('',#1630,#1634,#20,.F.);
#1373=EDGE_CURVE('',#1594,#1622,#21,.T.);
#1374=EDGE_CURVE('',#1618,#1636,#22,.F.);
#1375=EDGE_CURVE('',#1595,#1621,#23,.T.);
#1376=EDGE_CURVE('',#1619,#1601,#148,.T.);
#1377=EDGE_CURVE('',#1600,#1620,#12,.T.);
#1378=EDGE_CURVE('',#1554,#1689,#1936,.T.);
#1379=EDGE_CURVE('',#1689,#1690,#1937,.T.);
#1380=EDGE_CURVE('',#1556,#1690,#1938,.T.);
#1381=EDGE_CURVE('',#1557,#1691,#1939,.T.);
#1382=EDGE_CURVE('',#1691,#1692,#1940,.F.);
#1383=EDGE_CURVE('',#1555,#1692,#1941,.T.);
#1384=EDGE_CURVE('',#1693,#1694,#1942,.T.);
#1385=EDGE_CURVE('',#1693,#1695,#1943,.F.);
#1386=EDGE_CURVE('',#1695,#1696,#1944,.T.);
#1387=EDGE_CURVE('',#1696,#1694,#1945,.T.);
#1388=EDGE_CURVE('',#1697,#1697,#149,.T.);
#1389=EDGE_CURVE('',#1698,#1698,#150,.T.);
#1390=EDGE_CURVE('',#1695,#1689,#151,.T.);
#1391=EDGE_CURVE('',#1692,#1696,#152,.T.);
#1392=EDGE_CURVE('',#1690,#1693,#153,.F.);
#1393=EDGE_CURVE('',#1694,#1691,#154,.F.);
#1394=EDGE_CURVE('',#1550,#1699,#1946,.T.);
#1395=EDGE_CURVE('',#1699,#1700,#1947,.T.);
#1396=EDGE_CURVE('',#1552,#1700,#1948,.T.);
#1397=EDGE_CURVE('',#1701,#1702,#1949,.T.);
#1398=EDGE_CURVE('',#1701,#1703,#1950,.F.);
#1399=EDGE_CURVE('',#1703,#1704,#1951,.T.);
#1400=EDGE_CURVE('',#1704,#1702,#1952,.T.);
#1401=EDGE_CURVE('',#1705,#1705,#155,.T.);
#1402=EDGE_CURVE('',#1706,#1706,#156,.T.);
#1403=EDGE_CURVE('',#1553,#1707,#1953,.T.);
#1404=EDGE_CURVE('',#1707,#1708,#1954,.F.);
#1405=EDGE_CURVE('',#1551,#1708,#1955,.T.);
#1406=EDGE_CURVE('',#1703,#1699,#157,.F.);
#1407=EDGE_CURVE('',#1708,#1704,#158,.F.);
#1408=EDGE_CURVE('',#1700,#1701,#159,.T.);
#1409=EDGE_CURVE('',#1702,#1707,#160,.T.);
#1410=EDGE_CURVE('',#1546,#1709,#1956,.T.);
#1411=EDGE_CURVE('',#1709,#1710,#1957,.T.);
#1412=EDGE_CURVE('',#1548,#1710,#1958,.T.);
#1413=EDGE_CURVE('',#1549,#1711,#1959,.T.);
#1414=EDGE_CURVE('',#1711,#1712,#1960,.F.);
#1415=EDGE_CURVE('',#1547,#1712,#1961,.T.);
#1416=EDGE_CURVE('',#1713,#1714,#1962,.T.);
#1417=EDGE_CURVE('',#1714,#1715,#1963,.T.);
#1418=EDGE_CURVE('',#1716,#1715,#1964,.T.);
#1419=EDGE_CURVE('',#1716,#1713,#1965,.F.);
#1420=EDGE_CURVE('',#1717,#1717,#161,.T.);
#1421=EDGE_CURVE('',#1718,#1718,#162,.T.);
#1422=EDGE_CURVE('',#1712,#1714,#163,.T.);
#1423=EDGE_CURVE('',#1713,#1709,#164,.T.);
#1424=EDGE_CURVE('',#1715,#1711,#165,.F.);
#1425=EDGE_CURVE('',#1710,#1716,#166,.F.);
#1426=EDGE_CURVE('',#1574,#1719,#1966,.T.);
#1427=EDGE_CURVE('',#1719,#1720,#1967,.F.);
#1428=EDGE_CURVE('',#1573,#1720,#1968,.T.);
#1429=EDGE_CURVE('',#1721,#1722,#1969,.T.);
#1430=EDGE_CURVE('',#1722,#1723,#1970,.F.);
#1431=EDGE_CURVE('',#1724,#1723,#1971,.T.);
#1432=EDGE_CURVE('',#1724,#1721,#1972,.T.);
#1433=EDGE_CURVE('',#1725,#1725,#167,.T.);
#1434=EDGE_CURVE('',#1726,#1726,#168,.T.);
#1435=EDGE_CURVE('',#1575,#1727,#1973,.T.);
#1436=EDGE_CURVE('',#1727,#1728,#1974,.T.);
#1437=EDGE_CURVE('',#1576,#1728,#1975,.T.);
#1438=EDGE_CURVE('',#1723,#1727,#169,.T.);
#1439=EDGE_CURVE('',#1720,#1724,#170,.T.);
#1440=EDGE_CURVE('',#1728,#1722,#171,.F.);
#1441=EDGE_CURVE('',#1721,#1719,#172,.F.);
#1442=EDGE_CURVE('',#1542,#1729,#1976,.T.);
#1443=EDGE_CURVE('',#1729,#1730,#1977,.T.);
#1444=EDGE_CURVE('',#1544,#1730,#1978,.T.);
#1445=EDGE_CURVE('',#1731,#1732,#1979,.T.);
#1446=EDGE_CURVE('',#1731,#1733,#1980,.F.);
#1447=EDGE_CURVE('',#1733,#1734,#1981,.T.);
#1448=EDGE_CURVE('',#1734,#1732,#1982,.T.);
#1449=EDGE_CURVE('',#1735,#1735,#173,.T.);
#1450=EDGE_CURVE('',#1736,#1736,#174,.T.);
#1451=EDGE_CURVE('',#1545,#1737,#1983,.T.);
#1452=EDGE_CURVE('',#1737,#1738,#1984,.F.);
#1453=EDGE_CURVE('',#1543,#1738,#1985,.T.);
#1454=EDGE_CURVE('',#1733,#1729,#175,.F.);
#1455=EDGE_CURVE('',#1738,#1734,#176,.F.);
#1456=EDGE_CURVE('',#1730,#1731,#177,.T.);
#1457=EDGE_CURVE('',#1732,#1737,#178,.T.);
#1458=EDGE_CURVE('',#1578,#1739,#1986,.T.);
#1459=EDGE_CURVE('',#1739,#1740,#1987,.F.);
#1460=EDGE_CURVE('',#1577,#1740,#1988,.T.);
#1461=EDGE_CURVE('',#1741,#1742,#1989,.T.);
#1462=EDGE_CURVE('',#1742,#1743,#1990,.F.);
#1463=EDGE_CURVE('',#1744,#1743,#1991,.T.);
#1464=EDGE_CURVE('',#1744,#1741,#1992,.T.);
#1465=EDGE_CURVE('',#1745,#1745,#179,.T.);
#1466=EDGE_CURVE('',#1746,#1746,#180,.T.);
#1467=EDGE_CURVE('',#1579,#1747,#1993,.T.);
#1468=EDGE_CURVE('',#1747,#1748,#1994,.T.);
#1469=EDGE_CURVE('',#1580,#1748,#1995,.T.);
#1470=EDGE_CURVE('',#1743,#1747,#181,.T.);
#1471=EDGE_CURVE('',#1740,#1744,#182,.T.);
#1472=EDGE_CURVE('',#1748,#1742,#183,.F.);
#1473=EDGE_CURVE('',#1741,#1739,#184,.F.);
#1474=EDGE_CURVE('',#1582,#1749,#1996,.T.);
#1475=EDGE_CURVE('',#1749,#1750,#1997,.F.);
#1476=EDGE_CURVE('',#1581,#1750,#1998,.T.);
#1477=EDGE_CURVE('',#1583,#1751,#1999,.T.);
#1478=EDGE_CURVE('',#1751,#1752,#2000,.T.);
#1479=EDGE_CURVE('',#1584,#1752,#2001,.T.);
#1480=EDGE_CURVE('',#1753,#1754,#2002,.T.);
#1481=EDGE_CURVE('',#1754,#1755,#2003,.F.);
#1482=EDGE_CURVE('',#1756,#1755,#2004,.T.);
#1483=EDGE_CURVE('',#1756,#1753,#2005,.T.);
#1484=EDGE_CURVE('',#1757,#1757,#185,.T.);
#1485=EDGE_CURVE('',#1758,#1758,#186,.T.);
#1486=EDGE_CURVE('',#1755,#1751,#187,.F.);
#1487=EDGE_CURVE('',#1750,#1756,#188,.F.);
#1488=EDGE_CURVE('',#1752,#1754,#189,.T.);
#1489=EDGE_CURVE('',#1753,#1749,#190,.T.);
#1490=EDGE_CURVE('',#1586,#1759,#2006,.T.);
#1491=EDGE_CURVE('',#1759,#1760,#2007,.F.);
#1492=EDGE_CURVE('',#1585,#1760,#2008,.T.);
#1493=EDGE_CURVE('',#1587,#1761,#2009,.T.);
#1494=EDGE_CURVE('',#1761,#1762,#2010,.T.);
#1495=EDGE_CURVE('',#1588,#1762,#2011,.T.);
#1496=EDGE_CURVE('',#1763,#1764,#2012,.T.);
#1497=EDGE_CURVE('',#1764,#1765,#2013,.F.);
#1498=EDGE_CURVE('',#1766,#1765,#2014,.T.);
#1499=EDGE_CURVE('',#1766,#1763,#2015,.T.);
#1500=EDGE_CURVE('',#1767,#1767,#191,.T.);
#1501=EDGE_CURVE('',#1768,#1768,#192,.T.);
#1502=EDGE_CURVE('',#1765,#1761,#193,.F.);
#1503=EDGE_CURVE('',#1760,#1766,#194,.F.);
#1504=EDGE_CURVE('',#1762,#1764,#195,.T.);
#1505=EDGE_CURVE('',#1763,#1759,#196,.T.);
#1506=EDGE_CURVE('',#1522,#1510,#2016,.T.);
#1507=EDGE_CURVE('',#1524,#1511,#2017,.T.);
#1508=EDGE_CURVE('',#1535,#1518,#2018,.T.);
#1509=EDGE_CURVE('',#1541,#1519,#2019,.T.);
#1510=VERTEX_POINT('',#4287);
#1511=VERTEX_POINT('',#4288);
#1512=VERTEX_POINT('',#4290);
#1513=VERTEX_POINT('',#4292);
#1514=VERTEX_POINT('',#4294);
#1515=VERTEX_POINT('',#4296);
#1516=VERTEX_POINT('',#4298);
#1517=VERTEX_POINT('',#4300);
#1518=VERTEX_POINT('',#4304);
#1519=VERTEX_POINT('',#4306);
#1520=VERTEX_POINT('',#4309);
#1521=VERTEX_POINT('',#4311);
#1522=VERTEX_POINT('',#4315);
#1523=VERTEX_POINT('',#4316);
#1524=VERTEX_POINT('',#4318);
#1525=VERTEX_POINT('',#4320);
#1526=VERTEX_POINT('',#4322);
#1527=VERTEX_POINT('',#4324);
#1528=VERTEX_POINT('',#4326);
#1529=VERTEX_POINT('',#4328);
#1530=VERTEX_POINT('',#4332);
#1531=VERTEX_POINT('',#4333);
#1532=VERTEX_POINT('',#4335);
#1533=VERTEX_POINT('',#4337);
#1534=VERTEX_POINT('',#4341);
#1535=VERTEX_POINT('',#4342);
#1536=VERTEX_POINT('',#4344);
#1537=VERTEX_POINT('',#4346);
#1538=VERTEX_POINT('',#4348);
#1539=VERTEX_POINT('',#4350);
#1540=VERTEX_POINT('',#4352);
#1541=VERTEX_POINT('',#4354);
#1542=VERTEX_POINT('',#4364);
#1543=VERTEX_POINT('',#4365);
#1544=VERTEX_POINT('',#4367);
#1545=VERTEX_POINT('',#4369);
#1546=VERTEX_POINT('',#4372);
#1547=VERTEX_POINT('',#4373);
#1548=VERTEX_POINT('',#4375);
#1549=VERTEX_POINT('',#4377);
#1550=VERTEX_POINT('',#4380);
#1551=VERTEX_POINT('',#4381);
#1552=VERTEX_POINT('',#4383);
#1553=VERTEX_POINT('',#4385);
#1554=VERTEX_POINT('',#4388);
#1555=VERTEX_POINT('',#4389);
#1556=VERTEX_POINT('',#4391);
#1557=VERTEX_POINT('',#4393);
#1558=VERTEX_POINT('',#4396);
#1559=VERTEX_POINT('',#4397);
#1560=VERTEX_POINT('',#4399);
#1561=VERTEX_POINT('',#4401);
#1562=VERTEX_POINT('',#4403);
#1563=VERTEX_POINT('',#4405);
#1564=VERTEX_POINT('',#4407);
#1565=VERTEX_POINT('',#4409);
#1566=VERTEX_POINT('',#4411);
#1567=VERTEX_POINT('',#4413);
#1568=VERTEX_POINT('',#4415);
#1569=VERTEX_POINT('',#4417);
#1570=VERTEX_POINT('',#4419);
#1571=VERTEX_POINT('',#4421);
#1572=VERTEX_POINT('',#4423);
#1573=VERTEX_POINT('',#4426);
#1574=VERTEX_POINT('',#4427);
#1575=VERTEX_POINT('',#4429);
#1576=VERTEX_POINT('',#4431);
#1577=VERTEX_POINT('',#4434);
#1578=VERTEX_POINT('',#4435);
#1579=VERTEX_POINT('',#4437);
#1580=VERTEX_POINT('',#4439);
#1581=VERTEX_POINT('',#4442);
#1582=VERTEX_POINT('',#4443);
#1583=VERTEX_POINT('',#4445);
#1584=VERTEX_POINT('',#4447);
#1585=VERTEX_POINT('',#4450);
#1586=VERTEX_POINT('',#4451);
#1587=VERTEX_POINT('',#4453);
#1588=VERTEX_POINT('',#4455);
#1589=VERTEX_POINT('',#4459);
#1590=VERTEX_POINT('',#4460);
#1591=VERTEX_POINT('',#4462);
#1592=VERTEX_POINT('',#4464);
#1593=VERTEX_POINT('',#4468);
#1594=VERTEX_POINT('',#4469);
#1595=VERTEX_POINT('',#4471);
#1596=VERTEX_POINT('',#4473);
#1597=VERTEX_POINT('',#4480);
#1598=VERTEX_POINT('',#4482);
#1599=VERTEX_POINT('',#4486);
#1600=VERTEX_POINT('',#4487);
#1601=VERTEX_POINT('',#4489);
#1602=VERTEX_POINT('',#4491);
#1603=VERTEX_POINT('',#4495);
#1604=VERTEX_POINT('',#4496);
#1605=VERTEX_POINT('',#4498);
#1606=VERTEX_POINT('',#4500);
#1607=VERTEX_POINT('',#4502);
#1608=VERTEX_POINT('',#4504);
#1609=VERTEX_POINT('',#4506);
#1610=VERTEX_POINT('',#4508);
#1611=VERTEX_POINT('',#4510);
#1612=VERTEX_POINT('',#4512);
#1613=VERTEX_POINT('',#4514);
#1614=VERTEX_POINT('',#4516);
#1615=VERTEX_POINT('',#4518);
#1616=VERTEX_POINT('',#4520);
#1617=VERTEX_POINT('',#4522);
#1618=VERTEX_POINT('',#4525);
#1619=VERTEX_POINT('',#4526);
#1620=VERTEX_POINT('',#4528);
#1621=VERTEX_POINT('',#4530);
#1622=VERTEX_POINT('',#4532);
#1623=VERTEX_POINT('',#4534);
#1624=VERTEX_POINT('',#4536);
#1625=VERTEX_POINT('',#4538);
#1626=VERTEX_POINT('',#4540);
#1627=VERTEX_POINT('',#4542);
#1628=VERTEX_POINT('',#4544);
#1629=VERTEX_POINT('',#4546);
#1630=VERTEX_POINT('',#4548);
#1631=VERTEX_POINT('',#4552);
#1632=VERTEX_POINT('',#4553);
#1633=VERTEX_POINT('',#4558);
#1634=VERTEX_POINT('',#4559);
#1635=VERTEX_POINT('',#4564);
#1636=VERTEX_POINT('',#4565);
#1637=VERTEX_POINT('',#4579);
#1638=VERTEX_POINT('',#4580);
#1639=VERTEX_POINT('',#4582);
#1640=VERTEX_POINT('',#4584);
#1641=VERTEX_POINT('',#4588);
#1642=VERTEX_POINT('',#4589);
#1643=VERTEX_POINT('',#4591);
#1644=VERTEX_POINT('',#4593);
#1645=VERTEX_POINT('',#4597);
#1646=VERTEX_POINT('',#4598);
#1647=VERTEX_POINT('',#4600);
#1648=VERTEX_POINT('',#4602);
#1649=VERTEX_POINT('',#4606);
#1650=VERTEX_POINT('',#4607);
#1651=VERTEX_POINT('',#4609);
#1652=VERTEX_POINT('',#4611);
#1653=VERTEX_POINT('',#4615);
#1654=VERTEX_POINT('',#4616);
#1655=VERTEX_POINT('',#4618);
#1656=VERTEX_POINT('',#4620);
#1657=VERTEX_POINT('',#4624);
#1658=VERTEX_POINT('',#4625);
#1659=VERTEX_POINT('',#4630);
#1660=VERTEX_POINT('',#4631);
#1661=VERTEX_POINT('',#4633);
#1662=VERTEX_POINT('',#4635);
#1663=VERTEX_POINT('',#4639);
#1664=VERTEX_POINT('',#4640);
#1665=VERTEX_POINT('',#4642);
#1666=VERTEX_POINT('',#4644);
#1667=VERTEX_POINT('',#4648);
#1668=VERTEX_POINT('',#4649);
#1669=VERTEX_POINT('',#4651);
#1670=VERTEX_POINT('',#4653);
#1671=VERTEX_POINT('',#4657);
#1672=VERTEX_POINT('',#4658);
#1673=VERTEX_POINT('',#4660);
#1674=VERTEX_POINT('',#4662);
#1675=VERTEX_POINT('',#4666);
#1676=VERTEX_POINT('',#4668);
#1677=VERTEX_POINT('',#4671);
#1678=VERTEX_POINT('',#4673);
#1679=VERTEX_POINT('',#4676);
#1680=VERTEX_POINT('',#4678);
#1681=VERTEX_POINT('',#4681);
#1682=VERTEX_POINT('',#4683);
#1683=VERTEX_POINT('',#4686);
#1684=VERTEX_POINT('',#4688);
#1685=VERTEX_POINT('',#4691);
#1686=VERTEX_POINT('',#4693);
#1687=VERTEX_POINT('',#4696);
#1688=VERTEX_POINT('',#4698);
#1689=VERTEX_POINT('',#4864);
#1690=VERTEX_POINT('',#4866);
#1691=VERTEX_POINT('',#4870);
#1692=VERTEX_POINT('',#4872);
#1693=VERTEX_POINT('',#4876);
#1694=VERTEX_POINT('',#4877);
#1695=VERTEX_POINT('',#4879);
#1696=VERTEX_POINT('',#4881);
#1697=VERTEX_POINT('',#4885);
#1698=VERTEX_POINT('',#4887);
#1699=VERTEX_POINT('',#4898);
#1700=VERTEX_POINT('',#4900);
#1701=VERTEX_POINT('',#4904);
#1702=VERTEX_POINT('',#4905);
#1703=VERTEX_POINT('',#4907);
#1704=VERTEX_POINT('',#4909);
#1705=VERTEX_POINT('',#4913);
#1706=VERTEX_POINT('',#4915);
#1707=VERTEX_POINT('',#4918);
#1708=VERTEX_POINT('',#4920);
#1709=VERTEX_POINT('',#4932);
#1710=VERTEX_POINT('',#4934);
#1711=VERTEX_POINT('',#4938);
#1712=VERTEX_POINT('',#4940);
#1713=VERTEX_POINT('',#4944);
#1714=VERTEX_POINT('',#4945);
#1715=VERTEX_POINT('',#4947);
#1716=VERTEX_POINT('',#4949);
#1717=VERTEX_POINT('',#4953);
#1718=VERTEX_POINT('',#4955);
#1719=VERTEX_POINT('',#4964);
#1720=VERTEX_POINT('',#4966);
#1721=VERTEX_POINT('',#4970);
#1722=VERTEX_POINT('',#4971);
#1723=VERTEX_POINT('',#4973);
#1724=VERTEX_POINT('',#4975);
#1725=VERTEX_POINT('',#4979);
#1726=VERTEX_POINT('',#4981);
#1727=VERTEX_POINT('',#4984);
#1728=VERTEX_POINT('',#4986);
#1729=VERTEX_POINT('',#5000);
#1730=VERTEX_POINT('',#5002);
#1731=VERTEX_POINT('',#5006);
#1732=VERTEX_POINT('',#5007);
#1733=VERTEX_POINT('',#5009);
#1734=VERTEX_POINT('',#5011);
#1735=VERTEX_POINT('',#5015);
#1736=VERTEX_POINT('',#5017);
#1737=VERTEX_POINT('',#5020);
#1738=VERTEX_POINT('',#5022);
#1739=VERTEX_POINT('',#5032);
#1740=VERTEX_POINT('',#5034);
#1741=VERTEX_POINT('',#5038);
#1742=VERTEX_POINT('',#5039);
#1743=VERTEX_POINT('',#5041);
#1744=VERTEX_POINT('',#5043);
#1745=VERTEX_POINT('',#5047);
#1746=VERTEX_POINT('',#5049);
#1747=VERTEX_POINT('',#5052);
#1748=VERTEX_POINT('',#5054);
#1749=VERTEX_POINT('',#5064);
#1750=VERTEX_POINT('',#5066);
#1751=VERTEX_POINT('',#5070);
#1752=VERTEX_POINT('',#5072);
#1753=VERTEX_POINT('',#5076);
#1754=VERTEX_POINT('',#5077);
#1755=VERTEX_POINT('',#5079);
#1756=VERTEX_POINT('',#5081);
#1757=VERTEX_POINT('',#5085);
#1758=VERTEX_POINT('',#5087);
#1759=VERTEX_POINT('',#5096);
#1760=VERTEX_POINT('',#5098);
#1761=VERTEX_POINT('',#5102);
#1762=VERTEX_POINT('',#5104);
#1763=VERTEX_POINT('',#5108);
#1764=VERTEX_POINT('',#5109);
#1765=VERTEX_POINT('',#5111);
#1766=VERTEX_POINT('',#5113);
#1767=VERTEX_POINT('',#5117);
#1768=VERTEX_POINT('',#5119);
#1769=LINE('',#4286,#2020);
#1770=LINE('',#4289,#2021);
#1771=LINE('',#4291,#2022);
#1772=LINE('',#4293,#2023);
#1773=LINE('',#4295,#2024);
#1774=LINE('',#4297,#2025);
#1775=LINE('',#4299,#2026);
#1776=LINE('',#4301,#2027);
#1777=LINE('',#4303,#2028);
#1778=LINE('',#4305,#2029);
#1779=LINE('',#4307,#2030);
#1780=LINE('',#4308,#2031);
#1781=LINE('',#4310,#2032);
#1782=LINE('',#4312,#2033);
#1783=LINE('',#4314,#2034);
#1784=LINE('',#4317,#2035);
#1785=LINE('',#4319,#2036);
#1786=LINE('',#4321,#2037);
#1787=LINE('',#4323,#2038);
#1788=LINE('',#4325,#2039);
#1789=LINE('',#4327,#2040);
#1790=LINE('',#4329,#2041);
#1791=LINE('',#4331,#2042);
#1792=LINE('',#4334,#2043);
#1793=LINE('',#4336,#2044);
#1794=LINE('',#4338,#2045);
#1795=LINE('',#4340,#2046);
#1796=LINE('',#4343,#2047);
#1797=LINE('',#4345,#2048);
#1798=LINE('',#4347,#2049);
#1799=LINE('',#4349,#2050);
#1800=LINE('',#4351,#2051);
#1801=LINE('',#4353,#2052);
#1802=LINE('',#4355,#2053);
#1803=LINE('',#4363,#2054);
#1804=LINE('',#4366,#2055);
#1805=LINE('',#4368,#2056);
#1806=LINE('',#4370,#2057);
#1807=LINE('',#4371,#2058);
#1808=LINE('',#4374,#2059);
#1809=LINE('',#4376,#2060);
#1810=LINE('',#4378,#2061);
#1811=LINE('',#4379,#2062);
#1812=LINE('',#4382,#2063);
#1813=LINE('',#4384,#2064);
#1814=LINE('',#4386,#2065);
#1815=LINE('',#4387,#2066);
#1816=LINE('',#4390,#2067);
#1817=LINE('',#4392,#2068);
#1818=LINE('',#4394,#2069);
#1819=LINE('',#4395,#2070);
#1820=LINE('',#4398,#2071);
#1821=LINE('',#4400,#2072);
#1822=LINE('',#4404,#2073);
#1823=LINE('',#4406,#2074);
#1824=LINE('',#4408,#2075);
#1825=LINE('',#4410,#2076);
#1826=LINE('',#4414,#2077);
#1827=LINE('',#4416,#2078);
#1828=LINE('',#4420,#2079);
#1829=LINE('',#4424,#2080);
#1830=LINE('',#4425,#2081);
#1831=LINE('',#4428,#2082);
#1832=LINE('',#4430,#2083);
#1833=LINE('',#4432,#2084);
#1834=LINE('',#4433,#2085);
#1835=LINE('',#4436,#2086);
#1836=LINE('',#4438,#2087);
#1837=LINE('',#4440,#2088);
#1838=LINE('',#4441,#2089);
#1839=LINE('',#4444,#2090);
#1840=LINE('',#4446,#2091);
#1841=LINE('',#4448,#2092);
#1842=LINE('',#4449,#2093);
#1843=LINE('',#4452,#2094);
#1844=LINE('',#4454,#2095);
#1845=LINE('',#4456,#2096);
#1846=LINE('',#4458,#2097);
#1847=LINE('',#4461,#2098);
#1848=LINE('',#4463,#2099);
#1849=LINE('',#4465,#2100);
#1850=LINE('',#4467,#2101);
#1851=LINE('',#4470,#2102);
#1852=LINE('',#4472,#2103);
#1853=LINE('',#4474,#2104);
#1854=LINE('',#4476,#2105);
#1855=LINE('',#4477,#2106);
#1856=LINE('',#4479,#2107);
#1857=LINE('',#4481,#2108);
#1858=LINE('',#4483,#2109);
#1859=LINE('',#4485,#2110);
#1860=LINE('',#4490,#2111);
#1861=LINE('',#4494,#2112);
#1862=LINE('',#4499,#2113);
#1863=LINE('',#4503,#2114);
#1864=LINE('',#4505,#2115);
#1865=LINE('',#4509,#2116);
#1866=LINE('',#4511,#2117);
#1867=LINE('',#4513,#2118);
#1868=LINE('',#4515,#2119);
#1869=LINE('',#4519,#2120);
#1870=LINE('',#4521,#2121);
#1871=LINE('',#4523,#2122);
#1872=LINE('',#4524,#2123);
#1873=LINE('',#4529,#2124);
#1874=LINE('',#4531,#2125);
#1875=LINE('',#4533,#2126);
#1876=LINE('',#4535,#2127);
#1877=LINE('',#4537,#2128);
#1878=LINE('',#4539,#2129);
#1879=LINE('',#4541,#2130);
#1880=LINE('',#4543,#2131);
#1881=LINE('',#4545,#2132);
#1882=LINE('',#4547,#2133);
#1883=LINE('',#4549,#2134);
#1884=LINE('',#4551,#2135);
#1885=LINE('',#4554,#2136);
#1886=LINE('',#4555,#2137);
#1887=LINE('',#4557,#2138);
#1888=LINE('',#4560,#2139);
#1889=LINE('',#4561,#2140);
#1890=LINE('',#4563,#2141);
#1891=LINE('',#4566,#2142);
#1892=LINE('',#4567,#2143);
#1893=LINE('',#4569,#2144);
#1894=LINE('',#4570,#2145);
#1895=LINE('',#4572,#2146);
#1896=LINE('',#4573,#2147);
#1897=LINE('',#4575,#2148);
#1898=LINE('',#4576,#2149);
#1899=LINE('',#4578,#2150);
#1900=LINE('',#4581,#2151);
#1901=LINE('',#4583,#2152);
#1902=LINE('',#4585,#2153);
#1903=LINE('',#4587,#2154);
#1904=LINE('',#4590,#2155);
#1905=LINE('',#4592,#2156);
#1906=LINE('',#4594,#2157);
#1907=LINE('',#4596,#2158);
#1908=LINE('',#4599,#2159);
#1909=LINE('',#4601,#2160);
#1910=LINE('',#4603,#2161);
#1911=LINE('',#4605,#2162);
#1912=LINE('',#4608,#2163);
#1913=LINE('',#4610,#2164);
#1914=LINE('',#4612,#2165);
#1915=LINE('',#4614,#2166);
#1916=LINE('',#4617,#2167);
#1917=LINE('',#4619,#2168);
#1918=LINE('',#4621,#2169);
#1919=LINE('',#4623,#2170);
#1920=LINE('',#4629,#2171);
#1921=LINE('',#4632,#2172);
#1922=LINE('',#4634,#2173);
#1923=LINE('',#4636,#2174);
#1924=LINE('',#4638,#2175);
#1925=LINE('',#4641,#2176);
#1926=LINE('',#4643,#2177);
#1927=LINE('',#4645,#2178);
#1928=LINE('',#4647,#2179);
#1929=LINE('',#4650,#2180);
#1930=LINE('',#4652,#2181);
#1931=LINE('',#4654,#2182);
#1932=LINE('',#4656,#2183);
#1933=LINE('',#4659,#2184);
#1934=LINE('',#4661,#2185);
#1935=LINE('',#4663,#2186);
#1936=LINE('',#4863,#2187);
#1937=LINE('',#4865,#2188);
#1938=LINE('',#4867,#2189);
#1939=LINE('',#4869,#2190);
#1940=LINE('',#4871,#2191);
#1941=LINE('',#4873,#2192);
#1942=LINE('',#4875,#2193);
#1943=LINE('',#4878,#2194);
#1944=LINE('',#4880,#2195);
#1945=LINE('',#4882,#2196);
#1946=LINE('',#4897,#2197);
#1947=LINE('',#4899,#2198);
#1948=LINE('',#4901,#2199);
#1949=LINE('',#4903,#2200);
#1950=LINE('',#4906,#2201);
#1951=LINE('',#4908,#2202);
#1952=LINE('',#4910,#2203);
#1953=LINE('',#4917,#2204);
#1954=LINE('',#4919,#2205);
#1955=LINE('',#4921,#2206);
#1956=LINE('',#4931,#2207);
#1957=LINE('',#4933,#2208);
#1958=LINE('',#4935,#2209);
#1959=LINE('',#4937,#2210);
#1960=LINE('',#4939,#2211);
#1961=LINE('',#4941,#2212);
#1962=LINE('',#4943,#2213);
#1963=LINE('',#4946,#2214);
#1964=LINE('',#4948,#2215);
#1965=LINE('',#4950,#2216);
#1966=LINE('',#4963,#2217);
#1967=LINE('',#4965,#2218);
#1968=LINE('',#4967,#2219);
#1969=LINE('',#4969,#2220);
#1970=LINE('',#4972,#2221);
#1971=LINE('',#4974,#2222);
#1972=LINE('',#4976,#2223);
#1973=LINE('',#4983,#2224);
#1974=LINE('',#4985,#2225);
#1975=LINE('',#4987,#2226);
#1976=LINE('',#4999,#2227);
#1977=LINE('',#5001,#2228);
#1978=LINE('',#5003,#2229);
#1979=LINE('',#5005,#2230);
#1980=LINE('',#5008,#2231);
#1981=LINE('',#5010,#2232);
#1982=LINE('',#5012,#2233);
#1983=LINE('',#5019,#2234);
#1984=LINE('',#5021,#2235);
#1985=LINE('',#5023,#2236);
#1986=LINE('',#5031,#2237);
#1987=LINE('',#5033,#2238);
#1988=LINE('',#5035,#2239);
#1989=LINE('',#5037,#2240);
#1990=LINE('',#5040,#2241);
#1991=LINE('',#5042,#2242);
#1992=LINE('',#5044,#2243);
#1993=LINE('',#5051,#2244);
#1994=LINE('',#5053,#2245);
#1995=LINE('',#5055,#2246);
#1996=LINE('',#5063,#2247);
#1997=LINE('',#5065,#2248);
#1998=LINE('',#5067,#2249);
#1999=LINE('',#5069,#2250);
#2000=LINE('',#5071,#2251);
#2001=LINE('',#5073,#2252);
#2002=LINE('',#5075,#2253);
#2003=LINE('',#5078,#2254);
#2004=LINE('',#5080,#2255);
#2005=LINE('',#5082,#2256);
#2006=LINE('',#5095,#2257);
#2007=LINE('',#5097,#2258);
#2008=LINE('',#5099,#2259);
#2009=LINE('',#5101,#2260);
#2010=LINE('',#5103,#2261);
#2011=LINE('',#5105,#2262);
#2012=LINE('',#5107,#2263);
#2013=LINE('',#5110,#2264);
#2014=LINE('',#5112,#2265);
#2015=LINE('',#5114,#2266);
#2016=LINE('',#5135,#2267);
#2017=LINE('',#5136,#2268);
#2018=LINE('',#5138,#2269);
#2019=LINE('',#5139,#2270);
#2020=VECTOR('',#3351,1.);
#2021=VECTOR('',#3352,1.);
#2022=VECTOR('',#3353,1.);
#2023=VECTOR('',#3354,1.);
#2024=VECTOR('',#3355,1.);
#2025=VECTOR('',#3356,1.);
#2026=VECTOR('',#3357,1.);
#2027=VECTOR('',#3358,1.);
#2028=VECTOR('',#3361,1.);
#2029=VECTOR('',#3362,1.);
#2030=VECTOR('',#3363,1.);
#2031=VECTOR('',#3364,1.);
#2032=VECTOR('',#3365,1.);
#2033=VECTOR('',#3366,1.);
#2034=VECTOR('',#3369,1.);
#2035=VECTOR('',#3370,1.);
#2036=VECTOR('',#3371,1.);
#2037=VECTOR('',#3372,1.);
#2038=VECTOR('',#3373,1.);
#2039=VECTOR('',#3374,1.);
#2040=VECTOR('',#3375,1.);
#2041=VECTOR('',#3376,1.);
#2042=VECTOR('',#3379,1.);
#2043=VECTOR('',#3380,1.);
#2044=VECTOR('',#3381,1.);
#2045=VECTOR('',#3382,1.);
#2046=VECTOR('',#3385,1.);
#2047=VECTOR('',#3386,1.);
#2048=VECTOR('',#3387,1.);
#2049=VECTOR('',#3388,1.);
#2050=VECTOR('',#3389,1.);
#2051=VECTOR('',#3390,1.);
#2052=VECTOR('',#3391,1.);
#2053=VECTOR('',#3392,1.);
#2054=VECTOR('',#3407,1.);
#2055=VECTOR('',#3408,1.);
#2056=VECTOR('',#3409,1.);
#2057=VECTOR('',#3410,1.);
#2058=VECTOR('',#3411,1.);
#2059=VECTOR('',#3412,1.);
#2060=VECTOR('',#3413,1.);
#2061=VECTOR('',#3414,1.);
#2062=VECTOR('',#3415,1.);
#2063=VECTOR('',#3416,1.);
#2064=VECTOR('',#3417,1.);
#2065=VECTOR('',#3418,1.);
#2066=VECTOR('',#3419,1.);
#2067=VECTOR('',#3420,1.);
#2068=VECTOR('',#3421,1.);
#2069=VECTOR('',#3422,1.);
#2070=VECTOR('',#3423,1.);
#2071=VECTOR('',#3424,1.);
#2072=VECTOR('',#3425,1.);
#2073=VECTOR('',#3428,1.);
#2074=VECTOR('',#3429,1.);
#2075=VECTOR('',#3430,1.);
#2076=VECTOR('',#3431,1.);
#2077=VECTOR('',#3434,1.);
#2078=VECTOR('',#3435,1.);
#2079=VECTOR('',#3438,1.);
#2080=VECTOR('',#3441,1.);
#2081=VECTOR('',#3442,1.);
#2082=VECTOR('',#3443,1.);
#2083=VECTOR('',#3444,1.);
#2084=VECTOR('',#3445,1.);
#2085=VECTOR('',#3446,1.);
#2086=VECTOR('',#3447,1.);
#2087=VECTOR('',#3448,1.);
#2088=VECTOR('',#3449,1.);
#2089=VECTOR('',#3450,1.);
#2090=VECTOR('',#3451,1.);
#2091=VECTOR('',#3452,1.);
#2092=VECTOR('',#3453,1.);
#2093=VECTOR('',#3454,1.);
#2094=VECTOR('',#3455,1.);
#2095=VECTOR('',#3456,1.);
#2096=VECTOR('',#3457,1.);
#2097=VECTOR('',#3460,1.);
#2098=VECTOR('',#3461,1.);
#2099=VECTOR('',#3462,1.);
#2100=VECTOR('',#3463,1.);
#2101=VECTOR('',#3466,1.);
#2102=VECTOR('',#3467,1.);
#2103=VECTOR('',#3468,1.);
#2104=VECTOR('',#3469,1.);
#2105=VECTOR('',#3472,1.);
#2106=VECTOR('',#3473,1.);
#2107=VECTOR('',#3476,1.);
#2108=VECTOR('',#3477,1.);
#2109=VECTOR('',#3478,1.);
#2110=VECTOR('',#3481,1.);
#2111=VECTOR('',#3484,1.);
#2112=VECTOR('',#3489,1.);
#2113=VECTOR('',#3492,1.);
#2114=VECTOR('',#3495,1.);
#2115=VECTOR('',#3496,1.);
#2116=VECTOR('',#3499,1.);
#2117=VECTOR('',#3500,1.);
#2118=VECTOR('',#3501,1.);
#2119=VECTOR('',#3502,1.);
#2120=VECTOR('',#3505,1.);
#2121=VECTOR('',#3506,1.);
#2122=VECTOR('',#3507,1.);
#2123=VECTOR('',#3508,1.);
#2124=VECTOR('',#3511,1.);
#2125=VECTOR('',#3512,1.);
#2126=VECTOR('',#3513,1.);
#2127=VECTOR('',#3514,1.);
#2128=VECTOR('',#3515,1.);
#2129=VECTOR('',#3516,1.);
#2130=VECTOR('',#3517,1.);
#2131=VECTOR('',#3518,1.);
#2132=VECTOR('',#3519,1.);
#2133=VECTOR('',#3520,1.);
#2134=VECTOR('',#3521,1.);
#2135=VECTOR('',#3524,1.);
#2136=VECTOR('',#3525,1.);
#2137=VECTOR('',#3526,1.);
#2138=VECTOR('',#3529,1.);
#2139=VECTOR('',#3530,1.);
#2140=VECTOR('',#3531,1.);
#2141=VECTOR('',#3534,1.);
#2142=VECTOR('',#3535,1.);
#2143=VECTOR('',#3536,1.);
#2144=VECTOR('',#3539,1.);
#2145=VECTOR('',#3540,1.);
#2146=VECTOR('',#3543,1.);
#2147=VECTOR('',#3544,1.);
#2148=VECTOR('',#3547,1.);
#2149=VECTOR('',#3548,1.);
#2150=VECTOR('',#3551,1.);
#2151=VECTOR('',#3552,1.);
#2152=VECTOR('',#3553,1.);
#2153=VECTOR('',#3554,1.);
#2154=VECTOR('',#3557,1.);
#2155=VECTOR('',#3558,1.);
#2156=VECTOR('',#3559,1.);
#2157=VECTOR('',#3560,1.);
#2158=VECTOR('',#3563,1.);
#2159=VECTOR('',#3564,1.);
#2160=VECTOR('',#3565,1.);
#2161=VECTOR('',#3566,1.);
#2162=VECTOR('',#3569,1.);
#2163=VECTOR('',#3570,1.);
#2164=VECTOR('',#3571,1.);
#2165=VECTOR('',#3572,1.);
#2166=VECTOR('',#3575,1.);
#2167=VECTOR('',#3576,1.);
#2168=VECTOR('',#3577,1.);
#2169=VECTOR('',#3578,1.);
#2170=VECTOR('',#3581,1.);
#2171=VECTOR('',#3588,1.);
#2172=VECTOR('',#3589,1.);
#2173=VECTOR('',#3590,1.);
#2174=VECTOR('',#3591,1.);
#2175=VECTOR('',#3594,1.);
#2176=VECTOR('',#3595,1.);
#2177=VECTOR('',#3596,1.);
#2178=VECTOR('',#3597,1.);
#2179=VECTOR('',#3600,1.);
#2180=VECTOR('',#3601,1.);
#2181=VECTOR('',#3602,1.);
#2182=VECTOR('',#3603,1.);
#2183=VECTOR('',#3606,1.);
#2184=VECTOR('',#3607,1.);
#2185=VECTOR('',#3608,1.);
#2186=VECTOR('',#3609,1.);
#2187=VECTOR('',#3970,1.);
#2188=VECTOR('',#3971,1.);
#2189=VECTOR('',#3972,1.);
#2190=VECTOR('',#3975,1.);
#2191=VECTOR('',#3976,1.);
#2192=VECTOR('',#3977,1.);
#2193=VECTOR('',#3980,1.);
#2194=VECTOR('',#3981,1.);
#2195=VECTOR('',#3982,1.);
#2196=VECTOR('',#3983,1.);
#2197=VECTOR('',#4008,1.);
#2198=VECTOR('',#4009,1.);
#2199=VECTOR('',#4010,1.);
#2200=VECTOR('',#4013,1.);
#2201=VECTOR('',#4014,1.);
#2202=VECTOR('',#4015,1.);
#2203=VECTOR('',#4016,1.);
#2204=VECTOR('',#4025,1.);
#2205=VECTOR('',#4026,1.);
#2206=VECTOR('',#4027,1.);
#2207=VECTOR('',#4046,1.);
#2208=VECTOR('',#4047,1.);
#2209=VECTOR('',#4048,1.);
#2210=VECTOR('',#4051,1.);
#2211=VECTOR('',#4052,1.);
#2212=VECTOR('',#4053,1.);
#2213=VECTOR('',#4056,1.);
#2214=VECTOR('',#4057,1.);
#2215=VECTOR('',#4058,1.);
#2216=VECTOR('',#4059,1.);
#2217=VECTOR('',#4080,1.);
#2218=VECTOR('',#4081,1.);
#2219=VECTOR('',#4082,1.);
#2220=VECTOR('',#4085,1.);
#2221=VECTOR('',#4086,1.);
#2222=VECTOR('',#4087,1.);
#2223=VECTOR('',#4088,1.);
#2224=VECTOR('',#4097,1.);
#2225=VECTOR('',#4098,1.);
#2226=VECTOR('',#4099,1.);
#2227=VECTOR('',#4122,1.);
#2228=VECTOR('',#4123,1.);
#2229=VECTOR('',#4124,1.);
#2230=VECTOR('',#4127,1.);
#2231=VECTOR('',#4128,1.);
#2232=VECTOR('',#4129,1.);
#2233=VECTOR('',#4130,1.);
#2234=VECTOR('',#4139,1.);
#2235=VECTOR('',#4140,1.);
#2236=VECTOR('',#4141,1.);
#2237=VECTOR('',#4156,1.);
#2238=VECTOR('',#4157,1.);
#2239=VECTOR('',#4158,1.);
#2240=VECTOR('',#4161,1.);
#2241=VECTOR('',#4162,1.);
#2242=VECTOR('',#4163,1.);
#2243=VECTOR('',#4164,1.);
#2244=VECTOR('',#4173,1.);
#2245=VECTOR('',#4174,1.);
#2246=VECTOR('',#4175,1.);
#2247=VECTOR('',#4190,1.);
#2248=VECTOR('',#4191,1.);
#2249=VECTOR('',#4192,1.);
#2250=VECTOR('',#4195,1.);
#2251=VECTOR('',#4196,1.);
#2252=VECTOR('',#4197,1.);
#2253=VECTOR('',#4200,1.);
#2254=VECTOR('',#4201,1.);
#2255=VECTOR('',#4202,1.);
#2256=VECTOR('',#4203,1.);
#2257=VECTOR('',#4224,1.);
#2258=VECTOR('',#4225,1.);
#2259=VECTOR('',#4226,1.);
#2260=VECTOR('',#4229,1.);
#2261=VECTOR('',#4230,1.);
#2262=VECTOR('',#4231,1.);
#2263=VECTOR('',#4234,1.);
#2264=VECTOR('',#4235,1.);
#2265=VECTOR('',#4236,1.);
#2266=VECTOR('',#4237,1.);
#2267=VECTOR('',#4274,1.);
#2268=VECTOR('',#4275,1.);
#2269=VECTOR('',#4278,1.);
#2270=VECTOR('',#4279,1.);
#2271=EDGE_LOOP('',(#277,#278,#279,#280,#281,#282,#283,#284));
#2272=EDGE_LOOP('',(#285,#286,#287,#288,#289,#290,#291,#292));
#2273=EDGE_LOOP('',(#293,#294,#295,#296,#297,#298,#299,#300));
#2274=EDGE_LOOP('',(#301,#302,#303,#304));
#2275=EDGE_LOOP('',(#305,#306,#307,#308,#309,#310,#311,#312));
#2276=EDGE_LOOP('',(#313,#314,#315,#316));
#2277=EDGE_LOOP('',(#317,#318,#319,#320));
#2278=EDGE_LOOP('',(#321,#322,#323,#324));
#2279=EDGE_LOOP('',(#325,#326,#327,#328));
#2280=EDGE_LOOP('',(#329,#330,#331,#332));
#2281=EDGE_LOOP('',(#333,#334,#335,#336));
#2282=EDGE_LOOP('',(#337,#338,#339,#340,#341,#342,#343,#344,#345,#346,#347,
#348,#349,#350,#351));
#2283=EDGE_LOOP('',(#352,#353,#354,#355));
#2284=EDGE_LOOP('',(#356,#357,#358,#359));
#2285=EDGE_LOOP('',(#360,#361,#362,#363));
#2286=EDGE_LOOP('',(#364,#365,#366,#367));
#2287=EDGE_LOOP('',(#368,#369,#370,#371));
#2288=EDGE_LOOP('',(#372,#373,#374,#375));
#2289=EDGE_LOOP('',(#376,#377,#378,#379));
#2290=EDGE_LOOP('',(#380,#381,#382,#383));
#2291=EDGE_LOOP('',(#384,#385,#386,#387));
#2292=EDGE_LOOP('',(#388,#389,#390,#391,#392,#393,#394,#395,#396,#397,#398,
#399,#400,#401,#402));
#2293=EDGE_LOOP('',(#403,#404,#405,#406,#407,#408,#409,#410,#411,#412,#413,
#414,#415));
#2294=EDGE_LOOP('',(#416,#417,#418,#419));
#2295=EDGE_LOOP('',(#420,#421,#422,#423));
#2296=EDGE_LOOP('',(#424,#425,#426,#427));
#2297=EDGE_LOOP('',(#428,#429,#430,#431));
#2298=EDGE_LOOP('',(#432,#433,#434,#435));
#2299=EDGE_LOOP('',(#436,#437,#438,#439));
#2300=EDGE_LOOP('',(#440,#441,#442,#443));
#2301=EDGE_LOOP('',(#444,#445,#446,#447));
#2302=EDGE_LOOP('',(#448,#449,#450,#451));
#2303=EDGE_LOOP('',(#452,#453,#454,#455));
#2304=EDGE_LOOP('',(#456,#457,#458,#459));
#2305=EDGE_LOOP('',(#460,#461,#462,#463));
#2306=EDGE_LOOP('',(#464,#465,#466,#467));
#2307=EDGE_LOOP('',(#468,#469,#470,#471));
#2308=EDGE_LOOP('',(#472,#473,#474,#475));
#2309=EDGE_LOOP('',(#476,#477,#478,#479));
#2310=EDGE_LOOP('',(#480));
#2311=EDGE_LOOP('',(#481));
#2312=EDGE_LOOP('',(#482));
#2313=EDGE_LOOP('',(#483));
#2314=EDGE_LOOP('',(#484));
#2315=EDGE_LOOP('',(#485));
#2316=EDGE_LOOP('',(#486));
#2317=EDGE_LOOP('',(#487));
#2318=EDGE_LOOP('',(#488));
#2319=EDGE_LOOP('',(#489));
#2320=EDGE_LOOP('',(#490));
#2321=EDGE_LOOP('',(#491));
#2322=EDGE_LOOP('',(#492));
#2323=EDGE_LOOP('',(#493));
#2324=EDGE_LOOP('',(#494));
#2325=EDGE_LOOP('',(#495));
#2326=EDGE_LOOP('',(#496));
#2327=EDGE_LOOP('',(#497));
#2328=EDGE_LOOP('',(#498));
#2329=EDGE_LOOP('',(#499));
#2330=EDGE_LOOP('',(#500));
#2331=EDGE_LOOP('',(#501,#502,#503,#504,#505,#506,#507,#508,#509,#510,#511,
#512,#513));
#2332=EDGE_LOOP('',(#514,#515,#516,#517));
#2333=EDGE_LOOP('',(#518,#519,#520));
#2334=EDGE_LOOP('',(#521,#522,#523,#524));
#2335=EDGE_LOOP('',(#525,#526,#527,#528));
#2336=EDGE_LOOP('',(#529,#530,#531,#532));
#2337=EDGE_LOOP('',(#533,#534,#535,#536));
#2338=EDGE_LOOP('',(#537,#538,#539,#540));
#2339=EDGE_LOOP('',(#541,#542,#543,#544));
#2340=EDGE_LOOP('',(#545,#546,#547));
#2341=EDGE_LOOP('',(#548,#549,#550));
#2342=EDGE_LOOP('',(#551,#552,#553));
#2343=EDGE_LOOP('',(#554,#555,#556,#557));
#2344=EDGE_LOOP('',(#558,#559,#560,#561));
#2345=EDGE_LOOP('',(#562,#563,#564,#565));
#2346=EDGE_LOOP('',(#566,#567,#568,#569));
#2347=EDGE_LOOP('',(#570,#571,#572,#573));
#2348=EDGE_LOOP('',(#574,#575,#576,#577));
#2349=EDGE_LOOP('',(#578,#579,#580,#581));
#2350=EDGE_LOOP('',(#582,#583,#584));
#2351=EDGE_LOOP('',(#585,#586,#587));
#2352=EDGE_LOOP('',(#588,#589,#590,#591));
#2353=EDGE_LOOP('',(#592,#593,#594));
#2354=EDGE_LOOP('',(#595,#596,#597,#598));
#2355=EDGE_LOOP('',(#599,#600,#601,#602));
#2356=EDGE_LOOP('',(#603,#604,#605,#606));
#2357=EDGE_LOOP('',(#607,#608,#609,#610));
#2358=EDGE_LOOP('',(#611,#612,#613,#614));
#2359=EDGE_LOOP('',(#615,#616,#617,#618));
#2360=EDGE_LOOP('',(#619,#620,#621));
#2361=EDGE_LOOP('',(#622,#623,#624,#625));
#2362=EDGE_LOOP('',(#626,#627,#628,#629));
#2363=EDGE_LOOP('',(#630,#631,#632,#633));
#2364=EDGE_LOOP('',(#634,#635,#636,#637));
#2365=EDGE_LOOP('',(#638,#639,#640,#641));
#2366=EDGE_LOOP('',(#642,#643,#644,#645));
#2367=EDGE_LOOP('',(#646,#647,#648));
#2368=EDGE_LOOP('',(#649,#650,#651,#652));
#2369=EDGE_LOOP('',(#653,#654,#655,#656));
#2370=EDGE_LOOP('',(#657,#658,#659));
#2371=EDGE_LOOP('',(#660,#661,#662,#663));
#2372=EDGE_LOOP('',(#664,#665,#666,#667));
#2373=EDGE_LOOP('',(#668,#669,#670,#671));
#2374=EDGE_LOOP('',(#672,#673,#674,#675));
#2375=EDGE_LOOP('',(#676,#677,#678,#679));
#2376=EDGE_LOOP('',(#680,#681,#682,#683));
#2377=EDGE_LOOP('',(#684,#685,#686,#687));
#2378=EDGE_LOOP('',(#688,#689,#690));
#2379=EDGE_LOOP('',(#691,#692,#693));
#2380=EDGE_LOOP('',(#694,#695,#696));
#2381=EDGE_LOOP('',(#697,#698,#699));
#2382=EDGE_LOOP('',(#700,#701,#702,#703));
#2383=EDGE_LOOP('',(#704,#705,#706,#707));
#2384=EDGE_LOOP('',(#708,#709,#710,#711));
#2385=EDGE_LOOP('',(#712,#713,#714,#715));
#2386=EDGE_LOOP('',(#716,#717,#718));
#2387=EDGE_LOOP('',(#719,#720,#721));
#2388=EDGE_LOOP('',(#722,#723,#724,#725));
#2389=EDGE_LOOP('',(#726,#727,#728,#729));
#2390=EDGE_LOOP('',(#730,#731,#732,#733));
#2391=EDGE_LOOP('',(#734,#735,#736,#737));
#2392=EDGE_LOOP('',(#738,#739,#740,#741));
#2393=EDGE_LOOP('',(#742,#743,#744,#745));
#2394=EDGE_LOOP('',(#746,#747,#748,#749));
#2395=EDGE_LOOP('',(#750,#751,#752,#753));
#2396=EDGE_LOOP('',(#754,#755,#756,#757));
#2397=EDGE_LOOP('',(#758,#759,#760,#761));
#2398=EDGE_LOOP('',(#762,#763,#764,#765));
#2399=EDGE_LOOP('',(#766,#767,#768,#769));
#2400=EDGE_LOOP('',(#770,#771,#772,#773));
#2401=EDGE_LOOP('',(#774,#775,#776,#777));
#2402=EDGE_LOOP('',(#778));
#2403=EDGE_LOOP('',(#779));
#2404=EDGE_LOOP('',(#780));
#2405=EDGE_LOOP('',(#781));
#2406=EDGE_LOOP('',(#782));
#2407=EDGE_LOOP('',(#783));
#2408=EDGE_LOOP('',(#784));
#2409=EDGE_LOOP('',(#785,#786,#787,#788));
#2410=EDGE_LOOP('',(#789,#790,#791,#792));
#2411=EDGE_LOOP('',(#793,#794,#795,#796));
#2412=EDGE_LOOP('',(#797));
#2413=EDGE_LOOP('',(#798));
#2414=EDGE_LOOP('',(#799,#800,#801,#802,#803,#804));
#2415=EDGE_LOOP('',(#805));
#2416=EDGE_LOOP('',(#806,#807,#808,#809,#810,#811));
#2417=EDGE_LOOP('',(#812));
#2418=EDGE_LOOP('',(#813,#814,#815,#816));
#2419=EDGE_LOOP('',(#817,#818,#819,#820));
#2420=EDGE_LOOP('',(#821,#822,#823,#824));
#2421=EDGE_LOOP('',(#825,#826,#827,#828));
#2422=EDGE_LOOP('',(#829));
#2423=EDGE_LOOP('',(#830));
#2424=EDGE_LOOP('',(#831,#832,#833,#834));
#2425=EDGE_LOOP('',(#835));
#2426=EDGE_LOOP('',(#836,#837,#838,#839,#840,#841));
#2427=EDGE_LOOP('',(#842));
#2428=EDGE_LOOP('',(#843,#844,#845,#846,#847,#848));
#2429=EDGE_LOOP('',(#849,#850,#851,#852));
#2430=EDGE_LOOP('',(#853,#854,#855,#856));
#2431=EDGE_LOOP('',(#857,#858,#859,#860));
#2432=EDGE_LOOP('',(#861,#862,#863,#864));
#2433=EDGE_LOOP('',(#865,#866,#867,#868));
#2434=EDGE_LOOP('',(#869));
#2435=EDGE_LOOP('',(#870));
#2436=EDGE_LOOP('',(#871,#872,#873,#874,#875,#876));
#2437=EDGE_LOOP('',(#877));
#2438=EDGE_LOOP('',(#878,#879,#880,#881,#882,#883));
#2439=EDGE_LOOP('',(#884));
#2440=EDGE_LOOP('',(#885,#886,#887,#888));
#2441=EDGE_LOOP('',(#889,#890,#891,#892));
#2442=EDGE_LOOP('',(#893));
#2443=EDGE_LOOP('',(#894));
#2444=EDGE_LOOP('',(#895,#896,#897,#898));
#2445=EDGE_LOOP('',(#899));
#2446=EDGE_LOOP('',(#900,#901,#902,#903,#904,#905));
#2447=EDGE_LOOP('',(#906));
#2448=EDGE_LOOP('',(#907,#908,#909,#910,#911,#912));
#2449=EDGE_LOOP('',(#913,#914,#915,#916));
#2450=EDGE_LOOP('',(#917,#918,#919,#920));
#2451=EDGE_LOOP('',(#921,#922,#923,#924));
#2452=EDGE_LOOP('',(#925,#926,#927,#928));
#2453=EDGE_LOOP('',(#929,#930,#931,#932));
#2454=EDGE_LOOP('',(#933,#934,#935,#936));
#2455=EDGE_LOOP('',(#937));
#2456=EDGE_LOOP('',(#938));
#2457=EDGE_LOOP('',(#939,#940,#941,#942));
#2458=EDGE_LOOP('',(#943));
#2459=EDGE_LOOP('',(#944,#945,#946,#947,#948,#949));
#2460=EDGE_LOOP('',(#950));
#2461=EDGE_LOOP('',(#951,#952,#953,#954,#955,#956));
#2462=EDGE_LOOP('',(#957,#958,#959,#960));
#2463=EDGE_LOOP('',(#961,#962,#963,#964));
#2464=EDGE_LOOP('',(#965));
#2465=EDGE_LOOP('',(#966));
#2466=EDGE_LOOP('',(#967,#968,#969,#970));
#2467=EDGE_LOOP('',(#971));
#2468=EDGE_LOOP('',(#972,#973,#974,#975,#976,#977));
#2469=EDGE_LOOP('',(#978));
#2470=EDGE_LOOP('',(#979,#980,#981,#982,#983,#984));
#2471=EDGE_LOOP('',(#985,#986,#987,#988));
#2472=EDGE_LOOP('',(#989,#990,#991,#992));
#2473=EDGE_LOOP('',(#993,#994,#995,#996));
#2474=EDGE_LOOP('',(#997));
#2475=EDGE_LOOP('',(#998));
#2476=EDGE_LOOP('',(#999,#1000,#1001,#1002,#1003,#1004));
#2477=EDGE_LOOP('',(#1005));
#2478=EDGE_LOOP('',(#1006,#1007,#1008,#1009,#1010,#1011));
#2479=EDGE_LOOP('',(#1012));
#2480=EDGE_LOOP('',(#1013,#1014,#1015,#1016));
#2481=EDGE_LOOP('',(#1017,#1018,#1019,#1020));
#2482=EDGE_LOOP('',(#1021,#1022,#1023,#1024));
#2483=EDGE_LOOP('',(#1025));
#2484=EDGE_LOOP('',(#1026));
#2485=EDGE_LOOP('',(#1027,#1028,#1029,#1030,#1031,#1032));
#2486=EDGE_LOOP('',(#1033));
#2487=EDGE_LOOP('',(#1034,#1035,#1036,#1037,#1038,#1039));
#2488=EDGE_LOOP('',(#1040));
#2489=EDGE_LOOP('',(#1041,#1042,#1043,#1044));
#2490=EDGE_LOOP('',(#1045,#1046,#1047,#1048));
#2491=EDGE_LOOP('',(#1049,#1050,#1051,#1052));
#2492=EDGE_LOOP('',(#1053,#1054,#1055,#1056));
#2493=EDGE_LOOP('',(#1057,#1058,#1059,#1060));
#2494=EDGE_LOOP('',(#1061,#1062,#1063,#1064));
#2495=EDGE_LOOP('',(#1065,#1066,#1067,#1068));
#2496=EDGE_LOOP('',(#1069,#1070,#1071,#1072));
#2497=EDGE_LOOP('',(#1073,#1074,#1075,#1076));
#2498=EDGE_LOOP('',(#1077,#1078,#1079,#1080));
#2499=EDGE_LOOP('',(#1081,#1082,#1083,#1084,#1085,#1086,#1087,#1088,#1089));
#2500=EDGE_LOOP('',(#1090,#1091,#1092,#1093,#1094,#1095,#1096,#1097,#1098));
#2501=FACE_BOUND('',#2271,.T.);
#2502=FACE_BOUND('',#2272,.T.);
#2503=FACE_BOUND('',#2273,.T.);
#2504=FACE_BOUND('',#2274,.T.);
#2505=FACE_BOUND('',#2275,.T.);
#2506=FACE_BOUND('',#2276,.T.);
#2507=FACE_BOUND('',#2277,.T.);
#2508=FACE_BOUND('',#2278,.T.);
#2509=FACE_BOUND('',#2279,.T.);
#2510=FACE_BOUND('',#2280,.T.);
#2511=FACE_BOUND('',#2281,.T.);
#2512=FACE_BOUND('',#2282,.T.);
#2513=FACE_BOUND('',#2283,.T.);
#2514=FACE_BOUND('',#2284,.T.);
#2515=FACE_BOUND('',#2285,.T.);
#2516=FACE_BOUND('',#2286,.T.);
#2517=FACE_BOUND('',#2287,.T.);
#2518=FACE_BOUND('',#2288,.T.);
#2519=FACE_BOUND('',#2289,.T.);
#2520=FACE_BOUND('',#2290,.T.);
#2521=FACE_BOUND('',#2291,.T.);
#2522=FACE_BOUND('',#2292,.T.);
#2523=FACE_BOUND('',#2293,.T.);
#2524=FACE_BOUND('',#2294,.T.);
#2525=FACE_BOUND('',#2295,.T.);
#2526=FACE_BOUND('',#2296,.T.);
#2527=FACE_BOUND('',#2297,.T.);
#2528=FACE_BOUND('',#2298,.T.);
#2529=FACE_BOUND('',#2299,.T.);
#2530=FACE_BOUND('',#2300,.T.);
#2531=FACE_BOUND('',#2301,.T.);
#2532=FACE_BOUND('',#2302,.T.);
#2533=FACE_BOUND('',#2303,.T.);
#2534=FACE_BOUND('',#2304,.T.);
#2535=FACE_BOUND('',#2305,.T.);
#2536=FACE_BOUND('',#2306,.T.);
#2537=FACE_BOUND('',#2307,.T.);
#2538=FACE_BOUND('',#2308,.T.);
#2539=FACE_BOUND('',#2309,.T.);
#2540=FACE_BOUND('',#2310,.T.);
#2541=FACE_BOUND('',#2311,.T.);
#2542=FACE_BOUND('',#2312,.T.);
#2543=FACE_BOUND('',#2313,.T.);
#2544=FACE_BOUND('',#2314,.T.);
#2545=FACE_BOUND('',#2315,.T.);
#2546=FACE_BOUND('',#2316,.T.);
#2547=FACE_BOUND('',#2317,.T.);
#2548=FACE_BOUND('',#2318,.T.);
#2549=FACE_BOUND('',#2319,.T.);
#2550=FACE_BOUND('',#2320,.T.);
#2551=FACE_BOUND('',#2321,.T.);
#2552=FACE_BOUND('',#2322,.T.);
#2553=FACE_BOUND('',#2323,.T.);
#2554=FACE_BOUND('',#2324,.T.);
#2555=FACE_BOUND('',#2325,.T.);
#2556=FACE_BOUND('',#2326,.T.);
#2557=FACE_BOUND('',#2327,.T.);
#2558=FACE_BOUND('',#2328,.T.);
#2559=FACE_BOUND('',#2329,.T.);
#2560=FACE_BOUND('',#2330,.T.);
#2561=FACE_BOUND('',#2331,.T.);
#2562=FACE_BOUND('',#2332,.T.);
#2563=FACE_BOUND('',#2333,.T.);
#2564=FACE_BOUND('',#2334,.T.);
#2565=FACE_BOUND('',#2335,.T.);
#2566=FACE_BOUND('',#2336,.T.);
#2567=FACE_BOUND('',#2337,.T.);
#2568=FACE_BOUND('',#2338,.T.);
#2569=FACE_BOUND('',#2339,.T.);
#2570=FACE_BOUND('',#2340,.T.);
#2571=FACE_BOUND('',#2341,.T.);
#2572=FACE_BOUND('',#2342,.T.);
#2573=FACE_BOUND('',#2343,.T.);
#2574=FACE_BOUND('',#2344,.T.);
#2575=FACE_BOUND('',#2345,.T.);
#2576=FACE_BOUND('',#2346,.T.);
#2577=FACE_BOUND('',#2347,.T.);
#2578=FACE_BOUND('',#2348,.T.);
#2579=FACE_BOUND('',#2349,.T.);
#2580=FACE_BOUND('',#2350,.T.);
#2581=FACE_BOUND('',#2351,.T.);
#2582=FACE_BOUND('',#2352,.T.);
#2583=FACE_BOUND('',#2353,.T.);
#2584=FACE_BOUND('',#2354,.T.);
#2585=FACE_BOUND('',#2355,.T.);
#2586=FACE_BOUND('',#2356,.T.);
#2587=FACE_BOUND('',#2357,.T.);
#2588=FACE_BOUND('',#2358,.T.);
#2589=FACE_BOUND('',#2359,.T.);
#2590=FACE_BOUND('',#2360,.T.);
#2591=FACE_BOUND('',#2361,.T.);
#2592=FACE_BOUND('',#2362,.T.);
#2593=FACE_BOUND('',#2363,.T.);
#2594=FACE_BOUND('',#2364,.T.);
#2595=FACE_BOUND('',#2365,.T.);
#2596=FACE_BOUND('',#2366,.T.);
#2597=FACE_BOUND('',#2367,.T.);
#2598=FACE_BOUND('',#2368,.T.);
#2599=FACE_BOUND('',#2369,.T.);
#2600=FACE_BOUND('',#2370,.T.);
#2601=FACE_BOUND('',#2371,.T.);
#2602=FACE_BOUND('',#2372,.T.);
#2603=FACE_BOUND('',#2373,.T.);
#2604=FACE_BOUND('',#2374,.T.);
#2605=FACE_BOUND('',#2375,.T.);
#2606=FACE_BOUND('',#2376,.T.);
#2607=FACE_BOUND('',#2377,.T.);
#2608=FACE_BOUND('',#2378,.T.);
#2609=FACE_BOUND('',#2379,.T.);
#2610=FACE_BOUND('',#2380,.T.);
#2611=FACE_BOUND('',#2381,.T.);
#2612=FACE_BOUND('',#2382,.T.);
#2613=FACE_BOUND('',#2383,.T.);
#2614=FACE_BOUND('',#2384,.T.);
#2615=FACE_BOUND('',#2385,.T.);
#2616=FACE_BOUND('',#2386,.T.);
#2617=FACE_BOUND('',#2387,.T.);
#2618=FACE_BOUND('',#2388,.T.);
#2619=FACE_BOUND('',#2389,.T.);
#2620=FACE_BOUND('',#2390,.T.);
#2621=FACE_BOUND('',#2391,.T.);
#2622=FACE_BOUND('',#2392,.T.);
#2623=FACE_BOUND('',#2393,.T.);
#2624=FACE_BOUND('',#2394,.T.);
#2625=FACE_BOUND('',#2395,.T.);
#2626=FACE_BOUND('',#2396,.T.);
#2627=FACE_BOUND('',#2397,.T.);
#2628=FACE_BOUND('',#2398,.T.);
#2629=FACE_BOUND('',#2399,.T.);
#2630=FACE_BOUND('',#2400,.T.);
#2631=FACE_BOUND('',#2401,.T.);
#2632=FACE_BOUND('',#2402,.T.);
#2633=FACE_BOUND('',#2403,.T.);
#2634=FACE_BOUND('',#2404,.T.);
#2635=FACE_BOUND('',#2405,.T.);
#2636=FACE_BOUND('',#2406,.T.);
#2637=FACE_BOUND('',#2407,.T.);
#2638=FACE_BOUND('',#2408,.T.);
#2639=FACE_BOUND('',#2409,.T.);
#2640=FACE_BOUND('',#2410,.T.);
#2641=FACE_BOUND('',#2411,.T.);
#2642=FACE_BOUND('',#2412,.T.);
#2643=FACE_BOUND('',#2413,.T.);
#2644=FACE_BOUND('',#2414,.T.);
#2645=FACE_BOUND('',#2415,.T.);
#2646=FACE_BOUND('',#2416,.T.);
#2647=FACE_BOUND('',#2417,.T.);
#2648=FACE_BOUND('',#2418,.T.);
#2649=FACE_BOUND('',#2419,.T.);
#2650=FACE_BOUND('',#2420,.T.);
#2651=FACE_BOUND('',#2421,.T.);
#2652=FACE_BOUND('',#2422,.T.);
#2653=FACE_BOUND('',#2423,.T.);
#2654=FACE_BOUND('',#2424,.T.);
#2655=FACE_BOUND('',#2425,.T.);
#2656=FACE_BOUND('',#2426,.T.);
#2657=FACE_BOUND('',#2427,.T.);
#2658=FACE_BOUND('',#2428,.T.);
#2659=FACE_BOUND('',#2429,.T.);
#2660=FACE_BOUND('',#2430,.T.);
#2661=FACE_BOUND('',#2431,.T.);
#2662=FACE_BOUND('',#2432,.T.);
#2663=FACE_BOUND('',#2433,.T.);
#2664=FACE_BOUND('',#2434,.T.);
#2665=FACE_BOUND('',#2435,.T.);
#2666=FACE_BOUND('',#2436,.T.);
#2667=FACE_BOUND('',#2437,.T.);
#2668=FACE_BOUND('',#2438,.T.);
#2669=FACE_BOUND('',#2439,.T.);
#2670=FACE_BOUND('',#2440,.T.);
#2671=FACE_BOUND('',#2441,.T.);
#2672=FACE_BOUND('',#2442,.T.);
#2673=FACE_BOUND('',#2443,.T.);
#2674=FACE_BOUND('',#2444,.T.);
#2675=FACE_BOUND('',#2445,.T.);
#2676=FACE_BOUND('',#2446,.T.);
#2677=FACE_BOUND('',#2447,.T.);
#2678=FACE_BOUND('',#2448,.T.);
#2679=FACE_BOUND('',#2449,.T.);
#2680=FACE_BOUND('',#2450,.T.);
#2681=FACE_BOUND('',#2451,.T.);
#2682=FACE_BOUND('',#2452,.T.);
#2683=FACE_BOUND('',#2453,.T.);
#2684=FACE_BOUND('',#2454,.T.);
#2685=FACE_BOUND('',#2455,.T.);
#2686=FACE_BOUND('',#2456,.T.);
#2687=FACE_BOUND('',#2457,.T.);
#2688=FACE_BOUND('',#2458,.T.);
#2689=FACE_BOUND('',#2459,.T.);
#2690=FACE_BOUND('',#2460,.T.);
#2691=FACE_BOUND('',#2461,.T.);
#2692=FACE_BOUND('',#2462,.T.);
#2693=FACE_BOUND('',#2463,.T.);
#2694=FACE_BOUND('',#2464,.T.);
#2695=FACE_BOUND('',#2465,.T.);
#2696=FACE_BOUND('',#2466,.T.);
#2697=FACE_BOUND('',#2467,.T.);
#2698=FACE_BOUND('',#2468,.T.);
#2699=FACE_BOUND('',#2469,.T.);
#2700=FACE_BOUND('',#2470,.T.);
#2701=FACE_BOUND('',#2471,.T.);
#2702=FACE_BOUND('',#2472,.T.);
#2703=FACE_BOUND('',#2473,.T.);
#2704=FACE_BOUND('',#2474,.T.);
#2705=FACE_BOUND('',#2475,.T.);
#2706=FACE_BOUND('',#2476,.T.);
#2707=FACE_BOUND('',#2477,.T.);
#2708=FACE_BOUND('',#2478,.T.);
#2709=FACE_BOUND('',#2479,.T.);
#2710=FACE_BOUND('',#2480,.T.);
#2711=FACE_BOUND('',#2481,.T.);
#2712=FACE_BOUND('',#2482,.T.);
#2713=FACE_BOUND('',#2483,.T.);
#2714=FACE_BOUND('',#2484,.T.);
#2715=FACE_BOUND('',#2485,.T.);
#2716=FACE_BOUND('',#2486,.T.);
#2717=FACE_BOUND('',#2487,.T.);
#2718=FACE_BOUND('',#2488,.T.);
#2719=FACE_BOUND('',#2489,.T.);
#2720=FACE_BOUND('',#2490,.T.);
#2721=FACE_BOUND('',#2491,.T.);
#2722=FACE_BOUND('',#2492,.T.);
#2723=FACE_BOUND('',#2493,.T.);
#2724=FACE_BOUND('',#2494,.T.);
#2725=FACE_BOUND('',#2495,.T.);
#2726=FACE_BOUND('',#2496,.T.);
#2727=FACE_BOUND('',#2497,.T.);
#2728=FACE_BOUND('',#2498,.T.);
#2729=FACE_BOUND('',#2499,.T.);
#2730=FACE_BOUND('',#2500,.T.);
#2731=PLANE('',#3005);
#2732=PLANE('',#3006);
#2733=PLANE('',#3007);
#2734=PLANE('',#3008);
#2735=PLANE('',#3009);
#2736=PLANE('',#3016);
#2737=PLANE('',#3021);
#2738=PLANE('',#3022);
#2739=PLANE('',#3023);
#2740=PLANE('',#3024);
#2741=PLANE('',#3028);
#2742=PLANE('',#3034);
#2743=PLANE('',#3035);
#2744=PLANE('',#3036);
#2745=PLANE('',#3037);
#2746=PLANE('',#3038);
#2747=PLANE('',#3039);
#2748=PLANE('',#3040);
#2749=PLANE('',#3041);
#2750=PLANE('',#3042);
#2751=PLANE('',#3043);
#2752=PLANE('',#3044);
#2753=PLANE('',#3048);
#2754=PLANE('',#3049);
#2755=PLANE('',#3050);
#2756=PLANE('',#3051);
#2757=PLANE('',#3073);
#2758=PLANE('',#3224);
#2759=PLANE('',#3225);
#2760=PLANE('',#3226);
#2761=PLANE('',#3227);
#2762=PLANE('',#3228);
#2763=PLANE('',#3229);
#2764=PLANE('',#3230);
#2765=PLANE('',#3231);
#2766=PLANE('',#3232);
#2767=PLANE('',#3233);
#2768=PLANE('',#3237);
#2769=PLANE('',#3240);
#2770=PLANE('',#3245);
#2771=PLANE('',#3246);
#2772=PLANE('',#3250);
#2773=PLANE('',#3251);
#2774=PLANE('',#3254);
#2775=PLANE('',#3259);
#2776=PLANE('',#3260);
#2777=PLANE('',#3261);
#2778=PLANE('',#3265);
#2779=PLANE('',#3268);
#2780=PLANE('',#3271);
#2781=PLANE('',#3272);
#2782=PLANE('',#3276);
#2783=PLANE('',#3277);
#2784=PLANE('',#3280);
#2785=PLANE('',#3287);
#2786=PLANE('',#3288);
#2787=PLANE('',#3292);
#2788=PLANE('',#3293);
#2789=PLANE('',#3296);
#2790=PLANE('',#3299);
#2791=PLANE('',#3300);
#2792=PLANE('',#3304);
#2793=PLANE('',#3305);
#2794=PLANE('',#3308);
#2795=PLANE('',#3311);
#2796=PLANE('',#3312);
#2797=PLANE('',#3313);
#2798=PLANE('',#3317);
#2799=PLANE('',#3320);
#2800=PLANE('',#3323);
#2801=PLANE('',#3324);
#2802=PLANE('',#3325);
#2803=PLANE('',#3329);
#2804=PLANE('',#3332);
#2805=PLANE('',#3343);
#2806=PLANE('',#3344);
#2807=PLANE('',#3345);
#2808=PLANE('',#3346);
#2809=ADVANCED_FACE('',(#2501),#2731,.T.);
#2810=ADVANCED_FACE('',(#2502),#2732,.T.);
#2811=ADVANCED_FACE('',(#2503),#2733,.F.);
#2812=ADVANCED_FACE('',(#2504),#2734,.F.);
#2813=ADVANCED_FACE('',(#2505),#2735,.F.);
#2814=ADVANCED_FACE('',(#2506),#197,.T.);
#2815=ADVANCED_FACE('',(#2507),#198,.F.);
#2816=ADVANCED_FACE('',(#2508,#2509,#2510,#2511,#2512,#2513,#2514,#2515,
#2516),#2736,.T.);
#2817=ADVANCED_FACE('',(#2517),#2737,.T.);
#2818=ADVANCED_FACE('',(#2518),#2738,.T.);
#2819=ADVANCED_FACE('',(#2519),#2739,.T.);
#2820=ADVANCED_FACE('',(#2520),#2740,.T.);
#2821=ADVANCED_FACE('',(#2521),#199,.F.);
#2822=ADVANCED_FACE('',(#2522,#2523),#2741,.F.);
#2823=ADVANCED_FACE('',(#2524),#2742,.T.);
#2824=ADVANCED_FACE('',(#2525),#2743,.T.);
#2825=ADVANCED_FACE('',(#2526),#2744,.T.);
#2826=ADVANCED_FACE('',(#2527),#2745,.T.);
#2827=ADVANCED_FACE('',(#2528),#2746,.T.);
#2828=ADVANCED_FACE('',(#2529),#2747,.T.);
#2829=ADVANCED_FACE('',(#2530),#2748,.F.);
#2830=ADVANCED_FACE('',(#2531),#2749,.F.);
#2831=ADVANCED_FACE('',(#2532),#2750,.F.);
#2832=ADVANCED_FACE('',(#2533),#2751,.F.);
#2833=ADVANCED_FACE('',(#2534),#2752,.F.);
#2834=ADVANCED_FACE('',(#2535),#200,.T.);
#2835=ADVANCED_FACE('',(#2536),#2753,.F.);
#2836=ADVANCED_FACE('',(#2537),#2754,.F.);
#2837=ADVANCED_FACE('',(#2538),#2755,.F.);
#2838=ADVANCED_FACE('',(#2539),#2756,.F.);
#2839=ADVANCED_FACE('',(#2540,#2541),#201,.F.);
#2840=ADVANCED_FACE('',(#2542,#2543),#202,.F.);
#2841=ADVANCED_FACE('',(#2544,#2545),#203,.F.);
#2842=ADVANCED_FACE('',(#2546,#2547),#204,.F.);
#2843=ADVANCED_FACE('',(#2548,#2549),#205,.F.);
#2844=ADVANCED_FACE('',(#2550,#2551),#206,.F.);
#2845=ADVANCED_FACE('',(#2552,#2553),#207,.F.);
#2846=ADVANCED_FACE('',(#2554,#2555,#2556,#2557,#2558,#2559,#2560,#2561),
#2757,.T.);
#2847=ADVANCED_FACE('',(#2562),#208,.T.);
#2848=ADVANCED_FACE('',(#2563),#33,.T.);
#2849=ADVANCED_FACE('',(#2564),#24,.T.);
#2850=ADVANCED_FACE('',(#2565),#209,.T.);
#2851=ADVANCED_FACE('',(#2566),#210,.T.);
#2852=ADVANCED_FACE('',(#2567),#211,.T.);
#2853=ADVANCED_FACE('',(#2568),#212,.F.);
#2854=ADVANCED_FACE('',(#2569),#213,.T.);
#2855=ADVANCED_FACE('',(#2570),#34,.T.);
#2856=ADVANCED_FACE('',(#2571),#35,.T.);
#2857=ADVANCED_FACE('',(#2572),#36,.T.);
#2858=ADVANCED_FACE('',(#2573),#25,.T.);
#2859=ADVANCED_FACE('',(#2574),#214,.T.);
#2860=ADVANCED_FACE('',(#2575),#215,.T.);
#2861=ADVANCED_FACE('',(#2576),#216,.T.);
#2862=ADVANCED_FACE('',(#2577),#217,.T.);
#2863=ADVANCED_FACE('',(#2578),#218,.T.);
#2864=ADVANCED_FACE('',(#2579),#219,.T.);
#2865=ADVANCED_FACE('',(#2580),#37,.T.);
#2866=ADVANCED_FACE('',(#2581),#38,.T.);
#2867=ADVANCED_FACE('',(#2582),#26,.T.);
#2868=ADVANCED_FACE('',(#2583),#39,.T.);
#2869=ADVANCED_FACE('',(#2584),#220,.T.);
#2870=ADVANCED_FACE('',(#2585),#221,.T.);
#2871=ADVANCED_FACE('',(#2586),#222,.T.);
#2872=ADVANCED_FACE('',(#2587),#223,.T.);
#2873=ADVANCED_FACE('',(#2588),#224,.F.);
#2874=ADVANCED_FACE('',(#2589),#225,.T.);
#2875=ADVANCED_FACE('',(#2590),#40,.T.);
#2876=ADVANCED_FACE('',(#2591),#27,.T.);
#2877=ADVANCED_FACE('',(#2592),#28,.T.);
#2878=ADVANCED_FACE('',(#2593),#29,.T.);
#2879=ADVANCED_FACE('',(#2594),#226,.T.);
#2880=ADVANCED_FACE('',(#2595),#227,.F.);
#2881=ADVANCED_FACE('',(#2596),#228,.T.);
#2882=ADVANCED_FACE('',(#2597),#41,.T.);
#2883=ADVANCED_FACE('',(#2598),#229,.T.);
#2884=ADVANCED_FACE('',(#2599),#30,.T.);
#2885=ADVANCED_FACE('',(#2600),#42,.T.);
#2886=ADVANCED_FACE('',(#2601),#230,.T.);
#2887=ADVANCED_FACE('',(#2602),#231,.T.);
#2888=ADVANCED_FACE('',(#2603),#31,.T.);
#2889=ADVANCED_FACE('',(#2604),#232,.T.);
#2890=ADVANCED_FACE('',(#2605),#233,.T.);
#2891=ADVANCED_FACE('',(#2606),#234,.T.);
#2892=ADVANCED_FACE('',(#2607),#235,.T.);
#2893=ADVANCED_FACE('',(#2608),#43,.T.);
#2894=ADVANCED_FACE('',(#2609),#44,.T.);
#2895=ADVANCED_FACE('',(#2610),#45,.T.);
#2896=ADVANCED_FACE('',(#2611),#46,.T.);
#2897=ADVANCED_FACE('',(#2612),#236,.T.);
#2898=ADVANCED_FACE('',(#2613),#237,.T.);
#2899=ADVANCED_FACE('',(#2614),#238,.T.);
#2900=ADVANCED_FACE('',(#2615),#239,.T.);
#2901=ADVANCED_FACE('',(#2616),#47,.T.);
#2902=ADVANCED_FACE('',(#2617),#48,.T.);
#2903=ADVANCED_FACE('',(#2618),#240,.T.);
#2904=ADVANCED_FACE('',(#2619),#241,.T.);
#2905=ADVANCED_FACE('',(#2620),#242,.T.);
#2906=ADVANCED_FACE('',(#2621),#243,.T.);
#2907=ADVANCED_FACE('',(#2622),#244,.T.);
#2908=ADVANCED_FACE('',(#2623),#245,.T.);
#2909=ADVANCED_FACE('',(#2624),#246,.T.);
#2910=ADVANCED_FACE('',(#2625),#247,.T.);
#2911=ADVANCED_FACE('',(#2626),#248,.T.);
#2912=ADVANCED_FACE('',(#2627),#249,.T.);
#2913=ADVANCED_FACE('',(#2628),#250,.T.);
#2914=ADVANCED_FACE('',(#2629),#251,.T.);
#2915=ADVANCED_FACE('',(#2630),#252,.T.);
#2916=ADVANCED_FACE('',(#2631),#32,.T.);
#2917=ADVANCED_FACE('',(#2632),#2758,.T.);
#2918=ADVANCED_FACE('',(#2633),#2759,.T.);
#2919=ADVANCED_FACE('',(#2634),#2760,.T.);
#2920=ADVANCED_FACE('',(#2635),#2761,.T.);
#2921=ADVANCED_FACE('',(#2636),#2762,.T.);
#2922=ADVANCED_FACE('',(#2637),#2763,.T.);
#2923=ADVANCED_FACE('',(#2638),#2764,.T.);
#2924=ADVANCED_FACE('',(#2639),#2765,.T.);
#2925=ADVANCED_FACE('',(#2640),#2766,.F.);
#2926=ADVANCED_FACE('',(#2641),#2767,.T.);
#2927=ADVANCED_FACE('',(#2642,#2643),#253,.F.);
#2928=ADVANCED_FACE('',(#2644,#2645),#2768,.T.);
#2929=ADVANCED_FACE('',(#2646,#2647),#2769,.F.);
#2930=ADVANCED_FACE('',(#2648),#254,.T.);
#2931=ADVANCED_FACE('',(#2649),#255,.T.);
#2932=ADVANCED_FACE('',(#2650),#2770,.T.);
#2933=ADVANCED_FACE('',(#2651),#2771,.T.);
#2934=ADVANCED_FACE('',(#2652,#2653),#256,.F.);
#2935=ADVANCED_FACE('',(#2654),#2772,.F.);
#2936=ADVANCED_FACE('',(#2655,#2656),#2773,.F.);
#2937=ADVANCED_FACE('',(#2657,#2658),#2774,.T.);
#2938=ADVANCED_FACE('',(#2659),#257,.T.);
#2939=ADVANCED_FACE('',(#2660),#258,.T.);
#2940=ADVANCED_FACE('',(#2661),#2775,.T.);
#2941=ADVANCED_FACE('',(#2662),#2776,.F.);
#2942=ADVANCED_FACE('',(#2663),#2777,.T.);
#2943=ADVANCED_FACE('',(#2664,#2665),#259,.F.);
#2944=ADVANCED_FACE('',(#2666,#2667),#2778,.T.);
#2945=ADVANCED_FACE('',(#2668,#2669),#2779,.F.);
#2946=ADVANCED_FACE('',(#2670),#2780,.F.);
#2947=ADVANCED_FACE('',(#2671),#2781,.F.);
#2948=ADVANCED_FACE('',(#2672,#2673),#260,.F.);
#2949=ADVANCED_FACE('',(#2674),#2782,.T.);
#2950=ADVANCED_FACE('',(#2675,#2676),#2783,.T.);
#2951=ADVANCED_FACE('',(#2677,#2678),#2784,.F.);
#2952=ADVANCED_FACE('',(#2679),#261,.T.);
#2953=ADVANCED_FACE('',(#2680),#262,.T.);
#2954=ADVANCED_FACE('',(#2681),#263,.T.);
#2955=ADVANCED_FACE('',(#2682),#264,.T.);
#2956=ADVANCED_FACE('',(#2683),#2785,.T.);
#2957=ADVANCED_FACE('',(#2684),#2786,.T.);
#2958=ADVANCED_FACE('',(#2685,#2686),#265,.F.);
#2959=ADVANCED_FACE('',(#2687),#2787,.F.);
#2960=ADVANCED_FACE('',(#2688,#2689),#2788,.F.);
#2961=ADVANCED_FACE('',(#2690,#2691),#2789,.T.);
#2962=ADVANCED_FACE('',(#2692),#2790,.F.);
#2963=ADVANCED_FACE('',(#2693),#2791,.F.);
#2964=ADVANCED_FACE('',(#2694,#2695),#266,.F.);
#2965=ADVANCED_FACE('',(#2696),#2792,.T.);
#2966=ADVANCED_FACE('',(#2697,#2698),#2793,.T.);
#2967=ADVANCED_FACE('',(#2699,#2700),#2794,.F.);
#2968=ADVANCED_FACE('',(#2701),#2795,.F.);
#2969=ADVANCED_FACE('',(#2702),#2796,.T.);
#2970=ADVANCED_FACE('',(#2703),#2797,.F.);
#2971=ADVANCED_FACE('',(#2704,#2705),#267,.F.);
#2972=ADVANCED_FACE('',(#2706,#2707),#2798,.F.);
#2973=ADVANCED_FACE('',(#2708,#2709),#2799,.T.);
#2974=ADVANCED_FACE('',(#2710),#2800,.F.);
#2975=ADVANCED_FACE('',(#2711),#2801,.T.);
#2976=ADVANCED_FACE('',(#2712),#2802,.F.);
#2977=ADVANCED_FACE('',(#2713,#2714),#268,.F.);
#2978=ADVANCED_FACE('',(#2715,#2716),#2803,.F.);
#2979=ADVANCED_FACE('',(#2717,#2718),#2804,.T.);
#2980=ADVANCED_FACE('',(#2719),#269,.T.);
#2981=ADVANCED_FACE('',(#2720),#270,.T.);
#2982=ADVANCED_FACE('',(#2721),#271,.T.);
#2983=ADVANCED_FACE('',(#2722),#272,.T.);
#2984=ADVANCED_FACE('',(#2723),#273,.T.);
#2985=ADVANCED_FACE('',(#2724),#274,.T.);
#2986=ADVANCED_FACE('',(#2725),#275,.T.);
#2987=ADVANCED_FACE('',(#2726),#276,.T.);
#2988=ADVANCED_FACE('',(#2727),#2805,.F.);
#2989=ADVANCED_FACE('',(#2728),#2806,.T.);
#2990=ADVANCED_FACE('',(#2729),#2807,.T.);
#2991=ADVANCED_FACE('',(#2730),#2808,.F.);
#2992=CLOSED_SHELL('',(#2809,#2810,#2811,#2812,#2813,#2814,#2815,#2816,
#2817,#2818,#2819,#2820,#2821,#2822,#2823,#2824,#2825,#2826,#2827,#2828,
#2829,#2830,#2831,#2832,#2833,#2834,#2835,#2836,#2837,#2838,#2839,#2840,
#2841,#2842,#2843,#2844,#2845,#2846,#2847,#2848,#2849,#2850,#2851,#2852,
#2853,#2854,#2855,#2856,#2857,#2858,#2859,#2860,#2861,#2862,#2863,#2864,
#2865,#2866,#2867,#2868,#2869,#2870,#2871,#2872,#2873,#2874,#2875,#2876,
#2877,#2878,#2879,#2880,#2881,#2882,#2883,#2884,#2885,#2886,#2887,#2888,
#2889,#2890,#2891,#2892,#2893,#2894,#2895,#2896,#2897,#2898,#2899,#2900,
#2901,#2902,#2903,#2904,#2905,#2906,#2907,#2908,#2909,#2910,#2911,#2912,
#2913,#2914,#2915,#2916,#2917,#2918,#2919,#2920,#2921,#2922,#2923,#2924,
#2925,#2926,#2927,#2928,#2929,#2930,#2931,#2932,#2933,#2934,#2935,#2936,
#2937,#2938,#2939,#2940,#2941,#2942,#2943,#2944,#2945,#2946,#2947,#2948,
#2949,#2950,#2951,#2952,#2953,#2954,#2955,#2956,#2957,#2958,#2959,#2960,
#2961,#2962,#2963,#2964,#2965,#2966,#2967,#2968,#2969,#2970,#2971,#2972,
#2973,#2974,#2975,#2976,#2977,#2978,#2979,#2980,#2981,#2982,#2983,#2984,
#2985,#2986,#2987,#2988,#2989,#2990,#2991));
#2993=STYLED_ITEM('',(#2994),#3001);
#2994=PRESENTATION_STYLE_ASSIGNMENT((#2995));
#2995=SURFACE_STYLE_USAGE(.BOTH.,#2996);
#2996=SURFACE_SIDE_STYLE('',(#2997));
#2997=SURFACE_STYLE_FILL_AREA(#2998);
#2998=FILL_AREA_STYLE('',(#2999));
#2999=FILL_AREA_STYLE_COLOUR('',#3000);
#3000=COLOUR_RGB('',0.972549019607843,0.529411764705882,0.00392156862745098);
#3001=MANIFOLD_SOLID_BREP('Part 1',#2992);
#3002=SHAPE_DEFINITION_REPRESENTATION(#5148,#3003);
#3003=SHAPE_REPRESENTATION('Part 1',(#3004),#5143);
#3004=AXIS2_PLACEMENT_3D('',#4284,#3347,#3348);
#3005=AXIS2_PLACEMENT_3D('',#4285,#3349,#3350);
#3006=AXIS2_PLACEMENT_3D('',#4302,#3359,#3360);
#3007=AXIS2_PLACEMENT_3D('',#4313,#3367,#3368);
#3008=AXIS2_PLACEMENT_3D('',#4330,#3377,#3378);
#3009=AXIS2_PLACEMENT_3D('',#4339,#3383,#3384);
#3010=AXIS2_PLACEMENT_3D('',#4356,#3393,#3394);
#3011=AXIS2_PLACEMENT_3D('',#4357,#3395,#3396);
#3012=AXIS2_PLACEMENT_3D('',#4358,#3397,#3398);
#3013=AXIS2_PLACEMENT_3D('',#4359,#3399,#3400);
#3014=AXIS2_PLACEMENT_3D('',#4360,#3401,#3402);
#3015=AXIS2_PLACEMENT_3D('',#4361,#3403,#3404);
#3016=AXIS2_PLACEMENT_3D('',#4362,#3405,#3406);
#3017=AXIS2_PLACEMENT_3D('',#4402,#3426,#3427);
#3018=AXIS2_PLACEMENT_3D('',#4412,#3432,#3433);
#3019=AXIS2_PLACEMENT_3D('',#4418,#3436,#3437);
#3020=AXIS2_PLACEMENT_3D('',#4422,#3439,#3440);
#3021=AXIS2_PLACEMENT_3D('',#4457,#3458,#3459);
#3022=AXIS2_PLACEMENT_3D('',#4466,#3464,#3465);
#3023=AXIS2_PLACEMENT_3D('',#4475,#3470,#3471);
#3024=AXIS2_PLACEMENT_3D('',#4478,#3474,#3475);
#3025=AXIS2_PLACEMENT_3D('',#4484,#3479,#3480);
#3026=AXIS2_PLACEMENT_3D('',#4488,#3482,#3483);
#3027=AXIS2_PLACEMENT_3D('',#4492,#3485,#3486);
#3028=AXIS2_PLACEMENT_3D('',#4493,#3487,#3488);
#3029=AXIS2_PLACEMENT_3D('',#4497,#3490,#3491);
#3030=AXIS2_PLACEMENT_3D('',#4501,#3493,#3494);
#3031=AXIS2_PLACEMENT_3D('',#4507,#3497,#3498);
#3032=AXIS2_PLACEMENT_3D('',#4517,#3503,#3504);
#3033=AXIS2_PLACEMENT_3D('',#4527,#3509,#3510);
#3034=AXIS2_PLACEMENT_3D('',#4550,#3522,#3523);
#3035=AXIS2_PLACEMENT_3D('',#4556,#3527,#3528);
#3036=AXIS2_PLACEMENT_3D('',#4562,#3532,#3533);
#3037=AXIS2_PLACEMENT_3D('',#4568,#3537,#3538);
#3038=AXIS2_PLACEMENT_3D('',#4571,#3541,#3542);
#3039=AXIS2_PLACEMENT_3D('',#4574,#3545,#3546);
#3040=AXIS2_PLACEMENT_3D('',#4577,#3549,#3550);
#3041=AXIS2_PLACEMENT_3D('',#4586,#3555,#3556);
#3042=AXIS2_PLACEMENT_3D('',#4595,#3561,#3562);
#3043=AXIS2_PLACEMENT_3D('',#4604,#3567,#3568);
#3044=AXIS2_PLACEMENT_3D('',#4613,#3573,#3574);
#3045=AXIS2_PLACEMENT_3D('',#4622,#3579,#3580);
#3046=AXIS2_PLACEMENT_3D('',#4626,#3582,#3583);
#3047=AXIS2_PLACEMENT_3D('',#4627,#3584,#3585);
#3048=AXIS2_PLACEMENT_3D('',#4628,#3586,#3587);
#3049=AXIS2_PLACEMENT_3D('',#4637,#3592,#3593);
#3050=AXIS2_PLACEMENT_3D('',#4646,#3598,#3599);
#3051=AXIS2_PLACEMENT_3D('',#4655,#3604,#3605);
#3052=AXIS2_PLACEMENT_3D('',#4664,#3610,#3611);
#3053=AXIS2_PLACEMENT_3D('',#4665,#3612,#3613);
#3054=AXIS2_PLACEMENT_3D('',#4667,#3614,#3615);
#3055=AXIS2_PLACEMENT_3D('',#4669,#3616,#3617);
#3056=AXIS2_PLACEMENT_3D('',#4670,#3618,#3619);
#3057=AXIS2_PLACEMENT_3D('',#4672,#3620,#3621);
#3058=AXIS2_PLACEMENT_3D('',#4674,#3622,#3623);
#3059=AXIS2_PLACEMENT_3D('',#4675,#3624,#3625);
#3060=AXIS2_PLACEMENT_3D('',#4677,#3626,#3627);
#3061=AXIS2_PLACEMENT_3D('',#4679,#3628,#3629);
#3062=AXIS2_PLACEMENT_3D('',#4680,#3630,#3631);
#3063=AXIS2_PLACEMENT_3D('',#4682,#3632,#3633);
#3064=AXIS2_PLACEMENT_3D('',#4684,#3634,#3635);
#3065=AXIS2_PLACEMENT_3D('',#4685,#3636,#3637);
#3066=AXIS2_PLACEMENT_3D('',#4687,#3638,#3639);
#3067=AXIS2_PLACEMENT_3D('',#4689,#3640,#3641);
#3068=AXIS2_PLACEMENT_3D('',#4690,#3642,#3643);
#3069=AXIS2_PLACEMENT_3D('',#4692,#3644,#3645);
#3070=AXIS2_PLACEMENT_3D('',#4694,#3646,#3647);
#3071=AXIS2_PLACEMENT_3D('',#4695,#3648,#3649);
#3072=AXIS2_PLACEMENT_3D('',#4697,#3650,#3651);
#3073=AXIS2_PLACEMENT_3D('',#4699,#3652,#3653);
#3074=AXIS2_PLACEMENT_3D('',#4700,#3654,#3655);
#3075=AXIS2_PLACEMENT_3D('',#4701,#3656,#3657);
#3076=AXIS2_PLACEMENT_3D('',#4702,#3658,#3659);
#3077=AXIS2_PLACEMENT_3D('',#4703,#3660,#3661);
#3078=AXIS2_PLACEMENT_3D('',#4704,#3662,#3663);
#3079=AXIS2_PLACEMENT_3D('',#4705,#3664,#3665);
#3080=AXIS2_PLACEMENT_3D('',#4706,#3666,#3667);
#3081=AXIS2_PLACEMENT_3D('',#4707,#3668,#3669);
#3082=AXIS2_PLACEMENT_3D('',#4708,#3670,#3671);
#3083=AXIS2_PLACEMENT_3D('',#4709,#3672,#3673);
#3084=AXIS2_PLACEMENT_3D('',#4710,#3674,#3675);
#3085=AXIS2_PLACEMENT_3D('',#4711,#3676,#3677);
#3086=AXIS2_PLACEMENT_3D('',#4712,#3678,#3679);
#3087=AXIS2_PLACEMENT_3D('',#4713,#3680,#3681);
#3088=AXIS2_PLACEMENT_3D('',#4714,#3682,#3683);
#3089=AXIS2_PLACEMENT_3D('',#4715,#3684,#3685);
#3090=AXIS2_PLACEMENT_3D('',#4716,#3686,#3687);
#3091=AXIS2_PLACEMENT_3D('',#4717,#3688,#3689);
#3092=AXIS2_PLACEMENT_3D('',#4718,#3690,#3691);
#3093=AXIS2_PLACEMENT_3D('',#4719,#3692,#3693);
#3094=AXIS2_PLACEMENT_3D('',#4720,#3694,#3695);
#3095=AXIS2_PLACEMENT_3D('',#4721,#3696,#3697);
#3096=AXIS2_PLACEMENT_3D('',#4722,#3698,#3699);
#3097=AXIS2_PLACEMENT_3D('',#4723,#3700,#3701);
#3098=AXIS2_PLACEMENT_3D('',#4724,#3702,#3703);
#3099=AXIS2_PLACEMENT_3D('',#4725,#3704,#3705);
#3100=AXIS2_PLACEMENT_3D('',#4726,#3706,#3707);
#3101=AXIS2_PLACEMENT_3D('',#4727,#3708,#3709);
#3102=AXIS2_PLACEMENT_3D('',#4728,#3710,#3711);
#3103=AXIS2_PLACEMENT_3D('',#4729,#3712,#3713);
#3104=AXIS2_PLACEMENT_3D('',#4730,#3714,#3715);
#3105=AXIS2_PLACEMENT_3D('',#4731,#3716,#3717);
#3106=AXIS2_PLACEMENT_3D('',#4732,#3718,#3719);
#3107=AXIS2_PLACEMENT_3D('',#4733,#3720,#3721);
#3108=AXIS2_PLACEMENT_3D('',#4734,#3722,#3723);
#3109=AXIS2_PLACEMENT_3D('',#4735,#3724,#3725);
#3110=AXIS2_PLACEMENT_3D('',#4736,#3726,#3727);
#3111=AXIS2_PLACEMENT_3D('',#4737,#3728,#3729);
#3112=AXIS2_PLACEMENT_3D('',#4738,#3730,#3731);
#3113=AXIS2_PLACEMENT_3D('',#4739,#3732,#3733);
#3114=AXIS2_PLACEMENT_3D('',#4740,#3734,#3735);
#3115=AXIS2_PLACEMENT_3D('',#4741,#3736,#3737);
#3116=AXIS2_PLACEMENT_3D('',#4742,#3738,#3739);
#3117=AXIS2_PLACEMENT_3D('',#4743,#3740,#3741);
#3118=AXIS2_PLACEMENT_3D('',#4744,#3742,#3743);
#3119=AXIS2_PLACEMENT_3D('',#4745,#3744,#3745);
#3120=AXIS2_PLACEMENT_3D('',#4746,#3746,#3747);
#3121=AXIS2_PLACEMENT_3D('',#4747,#3748,#3749);
#3122=AXIS2_PLACEMENT_3D('',#4748,#3750,#3751);
#3123=AXIS2_PLACEMENT_3D('',#4749,#3752,#3753);
#3124=AXIS2_PLACEMENT_3D('',#4750,#3754,#3755);
#3125=AXIS2_PLACEMENT_3D('',#4751,#3756,#3757);
#3126=AXIS2_PLACEMENT_3D('',#4752,#3758,#3759);
#3127=AXIS2_PLACEMENT_3D('',#4753,#3760,#3761);
#3128=AXIS2_PLACEMENT_3D('',#4754,#3762,#3763);
#3129=AXIS2_PLACEMENT_3D('',#4755,#3764,#3765);
#3130=AXIS2_PLACEMENT_3D('',#4756,#3766,#3767);
#3131=AXIS2_PLACEMENT_3D('',#4757,#3768,#3769);
#3132=AXIS2_PLACEMENT_3D('',#4758,#3770,#3771);
#3133=AXIS2_PLACEMENT_3D('',#4759,#3772,#3773);
#3134=AXIS2_PLACEMENT_3D('',#4760,#3774,#3775);
#3135=AXIS2_PLACEMENT_3D('',#4761,#3776,#3777);
#3136=AXIS2_PLACEMENT_3D('',#4762,#3778,#3779);
#3137=AXIS2_PLACEMENT_3D('',#4763,#3780,#3781);
#3138=AXIS2_PLACEMENT_3D('',#4764,#3782,#3783);
#3139=AXIS2_PLACEMENT_3D('',#4765,#3784,#3785);
#3140=AXIS2_PLACEMENT_3D('',#4766,#3786,#3787);
#3141=AXIS2_PLACEMENT_3D('',#4767,#3788,#3789);
#3142=AXIS2_PLACEMENT_3D('',#4768,#3790,#3791);
#3143=AXIS2_PLACEMENT_3D('',#4769,#3792,#3793);
#3144=AXIS2_PLACEMENT_3D('',#4770,#3794,#3795);
#3145=AXIS2_PLACEMENT_3D('',#4771,#3796,#3797);
#3146=AXIS2_PLACEMENT_3D('',#4772,#3798,#3799);
#3147=AXIS2_PLACEMENT_3D('',#4773,#3800,#3801);
#3148=AXIS2_PLACEMENT_3D('',#4774,#3802,#3803);
#3149=AXIS2_PLACEMENT_3D('',#4775,#3804,#3805);
#3150=AXIS2_PLACEMENT_3D('',#4776,#3806,#3807);
#3151=AXIS2_PLACEMENT_3D('',#4777,#3808,#3809);
#3152=AXIS2_PLACEMENT_3D('',#4778,#3810,#3811);
#3153=AXIS2_PLACEMENT_3D('',#4779,#3812,#3813);
#3154=AXIS2_PLACEMENT_3D('',#4780,#3814,#3815);
#3155=AXIS2_PLACEMENT_3D('',#4781,#3816,#3817);
#3156=AXIS2_PLACEMENT_3D('',#4782,#3818,#3819);
#3157=AXIS2_PLACEMENT_3D('',#4783,#3820,#3821);
#3158=AXIS2_PLACEMENT_3D('',#4784,#3822,#3823);
#3159=AXIS2_PLACEMENT_3D('',#4785,#3824,#3825);
#3160=AXIS2_PLACEMENT_3D('',#4786,#3826,#3827);
#3161=AXIS2_PLACEMENT_3D('',#4787,#3828,#3829);
#3162=AXIS2_PLACEMENT_3D('',#4788,#3830,#3831);
#3163=AXIS2_PLACEMENT_3D('',#4789,#3832,#3833);
#3164=AXIS2_PLACEMENT_3D('',#4790,#3834,#3835);
#3165=AXIS2_PLACEMENT_3D('',#4791,#3836,#3837);
#3166=AXIS2_PLACEMENT_3D('',#4792,#3838,#3839);
#3167=AXIS2_PLACEMENT_3D('',#4793,#3840,#3841);
#3168=AXIS2_PLACEMENT_3D('',#4794,#3842,#3843);
#3169=AXIS2_PLACEMENT_3D('',#4795,#3844,#3845);
#3170=AXIS2_PLACEMENT_3D('',#4796,#3846,#3847);
#3171=AXIS2_PLACEMENT_3D('',#4797,#3848,#3849);
#3172=AXIS2_PLACEMENT_3D('',#4798,#3850,#3851);
#3173=AXIS2_PLACEMENT_3D('',#4799,#3852,#3853);
#3174=AXIS2_PLACEMENT_3D('',#4800,#3854,#3855);
#3175=AXIS2_PLACEMENT_3D('',#4801,#3856,#3857);
#3176=AXIS2_PLACEMENT_3D('',#4802,#3858,#3859);
#3177=AXIS2_PLACEMENT_3D('',#4803,#3860,#3861);
#3178=AXIS2_PLACEMENT_3D('',#4804,#3862,#3863);
#3179=AXIS2_PLACEMENT_3D('',#4805,#3864,#3865);
#3180=AXIS2_PLACEMENT_3D('',#4806,#3866,#3867);
#3181=AXIS2_PLACEMENT_3D('',#4807,#3868,#3869);
#3182=AXIS2_PLACEMENT_3D('',#4808,#3870,#3871);
#3183=AXIS2_PLACEMENT_3D('',#4809,#3872,#3873);
#3184=AXIS2_PLACEMENT_3D('',#4810,#3874,#3875);
#3185=AXIS2_PLACEMENT_3D('',#4811,#3876,#3877);
#3186=AXIS2_PLACEMENT_3D('',#4812,#3878,#3879);
#3187=AXIS2_PLACEMENT_3D('',#4813,#3880,#3881);
#3188=AXIS2_PLACEMENT_3D('',#4814,#3882,#3883);
#3189=AXIS2_PLACEMENT_3D('',#4815,#3884,#3885);
#3190=AXIS2_PLACEMENT_3D('',#4816,#3886,#3887);
#3191=AXIS2_PLACEMENT_3D('',#4817,#3888,#3889);
#3192=AXIS2_PLACEMENT_3D('',#4818,#3890,#3891);
#3193=AXIS2_PLACEMENT_3D('',#4819,#3892,#3893);
#3194=AXIS2_PLACEMENT_3D('',#4820,#3894,#3895);
#3195=AXIS2_PLACEMENT_3D('',#4821,#3896,#3897);
#3196=AXIS2_PLACEMENT_3D('',#4822,#3898,#3899);
#3197=AXIS2_PLACEMENT_3D('',#4823,#3900,#3901);
#3198=AXIS2_PLACEMENT_3D('',#4824,#3902,#3903);
#3199=AXIS2_PLACEMENT_3D('',#4825,#3904,#3905);
#3200=AXIS2_PLACEMENT_3D('',#4826,#3906,#3907);
#3201=AXIS2_PLACEMENT_3D('',#4827,#3908,#3909);
#3202=AXIS2_PLACEMENT_3D('',#4828,#3910,#3911);
#3203=AXIS2_PLACEMENT_3D('',#4829,#3912,#3913);
#3204=AXIS2_PLACEMENT_3D('',#4830,#3914,#3915);
#3205=AXIS2_PLACEMENT_3D('',#4831,#3916,#3917);
#3206=AXIS2_PLACEMENT_3D('',#4832,#3918,#3919);
#3207=AXIS2_PLACEMENT_3D('',#4833,#3920,#3921);
#3208=AXIS2_PLACEMENT_3D('',#4834,#3922,#3923);
#3209=AXIS2_PLACEMENT_3D('',#4835,#3924,#3925);
#3210=AXIS2_PLACEMENT_3D('',#4836,#3926,#3927);
#3211=AXIS2_PLACEMENT_3D('',#4837,#3928,#3929);
#3212=AXIS2_PLACEMENT_3D('',#4838,#3930,#3931);
#3213=AXIS2_PLACEMENT_3D('',#4839,#3932,#3933);
#3214=AXIS2_PLACEMENT_3D('',#4840,#3934,#3935);
#3215=AXIS2_PLACEMENT_3D('',#4841,#3936,#3937);
#3216=AXIS2_PLACEMENT_3D('',#4842,#3938,#3939);
#3217=AXIS2_PLACEMENT_3D('',#4843,#3940,#3941);
#3218=AXIS2_PLACEMENT_3D('',#4844,#3942,#3943);
#3219=AXIS2_PLACEMENT_3D('',#4845,#3944,#3945);
#3220=AXIS2_PLACEMENT_3D('',#4846,#3946,#3947);
#3221=AXIS2_PLACEMENT_3D('',#4847,#3948,#3949);
#3222=AXIS2_PLACEMENT_3D('',#4848,#3950,#3951);
#3223=AXIS2_PLACEMENT_3D('',#4854,#3952,#3953);
#3224=AXIS2_PLACEMENT_3D('',#4855,#3954,#3955);
#3225=AXIS2_PLACEMENT_3D('',#4856,#3956,#3957);
#3226=AXIS2_PLACEMENT_3D('',#4857,#3958,#3959);
#3227=AXIS2_PLACEMENT_3D('',#4858,#3960,#3961);
#3228=AXIS2_PLACEMENT_3D('',#4859,#3962,#3963);
#3229=AXIS2_PLACEMENT_3D('',#4860,#3964,#3965);
#3230=AXIS2_PLACEMENT_3D('',#4861,#3966,#3967);
#3231=AXIS2_PLACEMENT_3D('',#4862,#3968,#3969);
#3232=AXIS2_PLACEMENT_3D('',#4868,#3973,#3974);
#3233=AXIS2_PLACEMENT_3D('',#4874,#3978,#3979);
#3234=AXIS2_PLACEMENT_3D('',#4883,#3984,#3985);
#3235=AXIS2_PLACEMENT_3D('',#4884,#3986,#3987);
#3236=AXIS2_PLACEMENT_3D('',#4886,#3988,#3989);
#3237=AXIS2_PLACEMENT_3D('',#4888,#3990,#3991);
#3238=AXIS2_PLACEMENT_3D('',#4889,#3992,#3993);
#3239=AXIS2_PLACEMENT_3D('',#4890,#3994,#3995);
#3240=AXIS2_PLACEMENT_3D('',#4891,#3996,#3997);
#3241=AXIS2_PLACEMENT_3D('',#4892,#3998,#3999);
#3242=AXIS2_PLACEMENT_3D('',#4893,#4000,#4001);
#3243=AXIS2_PLACEMENT_3D('',#4894,#4002,#4003);
#3244=AXIS2_PLACEMENT_3D('',#4895,#4004,#4005);
#3245=AXIS2_PLACEMENT_3D('',#4896,#4006,#4007);
#3246=AXIS2_PLACEMENT_3D('',#4902,#4011,#4012);
#3247=AXIS2_PLACEMENT_3D('',#4911,#4017,#4018);
#3248=AXIS2_PLACEMENT_3D('',#4912,#4019,#4020);
#3249=AXIS2_PLACEMENT_3D('',#4914,#4021,#4022);
#3250=AXIS2_PLACEMENT_3D('',#4916,#4023,#4024);
#3251=AXIS2_PLACEMENT_3D('',#4922,#4028,#4029);
#3252=AXIS2_PLACEMENT_3D('',#4923,#4030,#4031);
#3253=AXIS2_PLACEMENT_3D('',#4924,#4032,#4033);
#3254=AXIS2_PLACEMENT_3D('',#4925,#4034,#4035);
#3255=AXIS2_PLACEMENT_3D('',#4926,#4036,#4037);
#3256=AXIS2_PLACEMENT_3D('',#4927,#4038,#4039);
#3257=AXIS2_PLACEMENT_3D('',#4928,#4040,#4041);
#3258=AXIS2_PLACEMENT_3D('',#4929,#4042,#4043);
#3259=AXIS2_PLACEMENT_3D('',#4930,#4044,#4045);
#3260=AXIS2_PLACEMENT_3D('',#4936,#4049,#4050);
#3261=AXIS2_PLACEMENT_3D('',#4942,#4054,#4055);
#3262=AXIS2_PLACEMENT_3D('',#4951,#4060,#4061);
#3263=AXIS2_PLACEMENT_3D('',#4952,#4062,#4063);
#3264=AXIS2_PLACEMENT_3D('',#4954,#4064,#4065);
#3265=AXIS2_PLACEMENT_3D('',#4956,#4066,#4067);
#3266=AXIS2_PLACEMENT_3D('',#4957,#4068,#4069);
#3267=AXIS2_PLACEMENT_3D('',#4958,#4070,#4071);
#3268=AXIS2_PLACEMENT_3D('',#4959,#4072,#4073);
#3269=AXIS2_PLACEMENT_3D('',#4960,#4074,#4075);
#3270=AXIS2_PLACEMENT_3D('',#4961,#4076,#4077);
#3271=AXIS2_PLACEMENT_3D('',#4962,#4078,#4079);
#3272=AXIS2_PLACEMENT_3D('',#4968,#4083,#4084);
#3273=AXIS2_PLACEMENT_3D('',#4977,#4089,#4090);
#3274=AXIS2_PLACEMENT_3D('',#4978,#4091,#4092);
#3275=AXIS2_PLACEMENT_3D('',#4980,#4093,#4094);
#3276=AXIS2_PLACEMENT_3D('',#4982,#4095,#4096);
#3277=AXIS2_PLACEMENT_3D('',#4988,#4100,#4101);
#3278=AXIS2_PLACEMENT_3D('',#4989,#4102,#4103);
#3279=AXIS2_PLACEMENT_3D('',#4990,#4104,#4105);
#3280=AXIS2_PLACEMENT_3D('',#4991,#4106,#4107);
#3281=AXIS2_PLACEMENT_3D('',#4992,#4108,#4109);
#3282=AXIS2_PLACEMENT_3D('',#4993,#4110,#4111);
#3283=AXIS2_PLACEMENT_3D('',#4994,#4112,#4113);
#3284=AXIS2_PLACEMENT_3D('',#4995,#4114,#4115);
#3285=AXIS2_PLACEMENT_3D('',#4996,#4116,#4117);
#3286=AXIS2_PLACEMENT_3D('',#4997,#4118,#4119);
#3287=AXIS2_PLACEMENT_3D('',#4998,#4120,#4121);
#3288=AXIS2_PLACEMENT_3D('',#5004,#4125,#4126);
#3289=AXIS2_PLACEMENT_3D('',#5013,#4131,#4132);
#3290=AXIS2_PLACEMENT_3D('',#5014,#4133,#4134);
#3291=AXIS2_PLACEMENT_3D('',#5016,#4135,#4136);
#3292=AXIS2_PLACEMENT_3D('',#5018,#4137,#4138);
#3293=AXIS2_PLACEMENT_3D('',#5024,#4142,#4143);
#3294=AXIS2_PLACEMENT_3D('',#5025,#4144,#4145);
#3295=AXIS2_PLACEMENT_3D('',#5026,#4146,#4147);
#3296=AXIS2_PLACEMENT_3D('',#5027,#4148,#4149);
#3297=AXIS2_PLACEMENT_3D('',#5028,#4150,#4151);
#3298=AXIS2_PLACEMENT_3D('',#5029,#4152,#4153);
#3299=AXIS2_PLACEMENT_3D('',#5030,#4154,#4155);
#3300=AXIS2_PLACEMENT_3D('',#5036,#4159,#4160);
#3301=AXIS2_PLACEMENT_3D('',#5045,#4165,#4166);
#3302=AXIS2_PLACEMENT_3D('',#5046,#4167,#4168);
#3303=AXIS2_PLACEMENT_3D('',#5048,#4169,#4170);
#3304=AXIS2_PLACEMENT_3D('',#5050,#4171,#4172);
#3305=AXIS2_PLACEMENT_3D('',#5056,#4176,#4177);
#3306=AXIS2_PLACEMENT_3D('',#5057,#4178,#4179);
#3307=AXIS2_PLACEMENT_3D('',#5058,#4180,#4181);
#3308=AXIS2_PLACEMENT_3D('',#5059,#4182,#4183);
#3309=AXIS2_PLACEMENT_3D('',#5060,#4184,#4185);
#3310=AXIS2_PLACEMENT_3D('',#5061,#4186,#4187);
#3311=AXIS2_PLACEMENT_3D('',#5062,#4188,#4189);
#3312=AXIS2_PLACEMENT_3D('',#5068,#4193,#4194);
#3313=AXIS2_PLACEMENT_3D('',#5074,#4198,#4199);
#3314=AXIS2_PLACEMENT_3D('',#5083,#4204,#4205);
#3315=AXIS2_PLACEMENT_3D('',#5084,#4206,#4207);
#3316=AXIS2_PLACEMENT_3D('',#5086,#4208,#4209);
#3317=AXIS2_PLACEMENT_3D('',#5088,#4210,#4211);
#3318=AXIS2_PLACEMENT_3D('',#5089,#4212,#4213);
#3319=AXIS2_PLACEMENT_3D('',#5090,#4214,#4215);
#3320=AXIS2_PLACEMENT_3D('',#5091,#4216,#4217);
#3321=AXIS2_PLACEMENT_3D('',#5092,#4218,#4219);
#3322=AXIS2_PLACEMENT_3D('',#5093,#4220,#4221);
#3323=AXIS2_PLACEMENT_3D('',#5094,#4222,#4223);
#3324=AXIS2_PLACEMENT_3D('',#5100,#4227,#4228);
#3325=AXIS2_PLACEMENT_3D('',#5106,#4232,#4233);
#3326=AXIS2_PLACEMENT_3D('',#5115,#4238,#4239);
#3327=AXIS2_PLACEMENT_3D('',#5116,#4240,#4241);
#3328=AXIS2_PLACEMENT_3D('',#5118,#4242,#4243);
#3329=AXIS2_PLACEMENT_3D('',#5120,#4244,#4245);
#3330=AXIS2_PLACEMENT_3D('',#5121,#4246,#4247);
#3331=AXIS2_PLACEMENT_3D('',#5122,#4248,#4249);
#3332=AXIS2_PLACEMENT_3D('',#5123,#4250,#4251);
#3333=AXIS2_PLACEMENT_3D('',#5124,#4252,#4253);
#3334=AXIS2_PLACEMENT_3D('',#5125,#4254,#4255);
#3335=AXIS2_PLACEMENT_3D('',#5126,#4256,#4257);
#3336=AXIS2_PLACEMENT_3D('',#5127,#4258,#4259);
#3337=AXIS2_PLACEMENT_3D('',#5128,#4260,#4261);
#3338=AXIS2_PLACEMENT_3D('',#5129,#4262,#4263);
#3339=AXIS2_PLACEMENT_3D('',#5130,#4264,#4265);
#3340=AXIS2_PLACEMENT_3D('',#5131,#4266,#4267);
#3341=AXIS2_PLACEMENT_3D('',#5132,#4268,#4269);
#3342=AXIS2_PLACEMENT_3D('',#5133,#4270,#4271);
#3343=AXIS2_PLACEMENT_3D('',#5134,#4272,#4273);
#3344=AXIS2_PLACEMENT_3D('',#5137,#4276,#4277);
#3345=AXIS2_PLACEMENT_3D('',#5140,#4280,#4281);
#3346=AXIS2_PLACEMENT_3D('',#5141,#4282,#4283);
#3347=DIRECTION('',(0.,0.,1.));
#3348=DIRECTION('',(1.,0.,0.));
#3349=DIRECTION('',(0.,-1.,0.));
#3350=DIRECTION('',(0.,0.,-1.));
#3351=DIRECTION('',(0.,0.,-1.));
#3352=DIRECTION('',(1.,0.,0.));
#3353=DIRECTION('',(0.,0.,1.));
#3354=DIRECTION('',(-1.,0.,0.));
#3355=DIRECTION('',(0.,0.,1.));
#3356=DIRECTION('',(1.,0.,0.));
#3357=DIRECTION('',(0.,0.,1.));
#3358=DIRECTION('',(1.,0.,0.));
#3359=DIRECTION('',(0.678280415755417,-0.734803155683656,0.));
#3360=DIRECTION('',(0.734803155683656,0.678280415755417,0.));
#3361=DIRECTION('',(0.734803155683656,0.678280415755417,0.));
#3362=DIRECTION('',(0.,0.,-1.));
#3363=DIRECTION('',(0.734803155683656,0.678280415755417,0.));
#3364=DIRECTION('',(0.734803155683655,0.678280415755418,0.));
#3365=DIRECTION('',(0.,0.,1.));
#3366=DIRECTION('',(-0.734803155683656,-0.678280415755417,0.));
#3367=DIRECTION('',(0.,-1.,0.));
#3368=DIRECTION('',(0.,0.,-1.));
#3369=DIRECTION('',(1.,0.,0.));
#3370=DIRECTION('',(0.,0.,-1.));
#3371=DIRECTION('',(1.,0.,0.));
#3372=DIRECTION('',(0.,0.,-1.));
#3373=DIRECTION('',(1.,0.,0.));
#3374=DIRECTION('',(0.,0.,1.));
#3375=DIRECTION('',(-1.,0.,0.));
#3376=DIRECTION('',(0.,0.,-1.));
#3377=DIRECTION('',(1.,0.,0.));
#3378=DIRECTION('',(0.,0.,-1.));
#3379=DIRECTION('',(0.,1.,0.));
#3380=DIRECTION('',(0.,0.,-1.));
#3381=DIRECTION('',(0.,-1.,0.));
#3382=DIRECTION('',(0.,0.,1.));
#3383=DIRECTION('',(0.72408431360888,-0.689711466328897,0.));
#3384=DIRECTION('',(0.689711466328897,0.72408431360888,0.));
#3385=DIRECTION('',(0.689711466328897,0.72408431360888,0.));
#3386=DIRECTION('',(0.,0.,1.));
#3387=DIRECTION('',(-0.689711466328897,-0.72408431360888,0.));
#3388=DIRECTION('',(0.,0.,1.));
#3389=DIRECTION('',(0.689711466328897,0.72408431360888,0.));
#3390=DIRECTION('',(0.,0.,1.));
#3391=DIRECTION('',(0.689711466328897,0.72408431360888,0.));
#3392=DIRECTION('',(0.,0.,-1.));
#3393=DIRECTION('',(0.,0.,1.));
#3394=DIRECTION('',(1.,0.,0.));
#3395=DIRECTION('',(0.,0.,-1.));
#3396=DIRECTION('',(-1.,0.,0.));
#3397=DIRECTION('',(0.,0.,1.));
#3398=DIRECTION('',(1.,0.,0.));
#3399=DIRECTION('',(0.,0.,1.));
#3400=DIRECTION('',(1.,0.,0.));
#3401=DIRECTION('',(0.,0.,-1.));
#3402=DIRECTION('',(-1.,0.,0.));
#3403=DIRECTION('',(0.,0.,-1.));
#3404=DIRECTION('',(-1.,0.,0.));
#3405=DIRECTION('',(0.,0.,-1.));
#3406=DIRECTION('',(0.723468840667845,-0.690357035585736,0.));
#3407=DIRECTION('',(1.,0.,0.));
#3408=DIRECTION('',(0.,-1.,0.));
#3409=DIRECTION('',(1.,0.,0.));
#3410=DIRECTION('',(0.,-1.,0.));
#3411=DIRECTION('',(-1.,0.,0.));
#3412=DIRECTION('',(0.,1.,0.));
#3413=DIRECTION('',(-1.,0.,0.));
#3414=DIRECTION('',(0.,1.,0.));
#3415=DIRECTION('',(1.,0.,0.));
#3416=DIRECTION('',(0.,-1.,0.));
#3417=DIRECTION('',(1.,0.,0.));
#3418=DIRECTION('',(0.,-1.,0.));
#3419=DIRECTION('',(-1.,0.,0.));
#3420=DIRECTION('',(0.,1.,0.));
#3421=DIRECTION('',(-1.,0.,0.));
#3422=DIRECTION('',(0.,1.,0.));
#3423=DIRECTION('',(-0.711454520299623,0.702732143526418,0.));
#3424=DIRECTION('',(0.,1.,0.));
#3425=DIRECTION('',(1.,0.,0.));
#3426=DIRECTION('',(0.,0.,-1.));
#3427=DIRECTION('',(-1.,0.,0.));
#3428=DIRECTION('',(0.,1.,0.));
#3429=DIRECTION('',(0.689711466328897,0.72408431360888,0.));
#3430=DIRECTION('',(1.,0.,0.));
#3431=DIRECTION('',(0.723468840667845,-0.690357035585736,0.));
#3432=DIRECTION('',(0.,0.,-1.));
#3433=DIRECTION('',(-1.,0.,0.));
#3434=DIRECTION('',(1.,0.,0.));
#3435=DIRECTION('',(1.22464679914735E-16,-1.,0.));
#3436=DIRECTION('',(0.,0.,-1.));
#3437=DIRECTION('',(-1.,0.,0.));
#3438=DIRECTION('',(0.386648223836415,-0.922227277304324,0.));
#3439=DIRECTION('',(0.,0.,-1.));
#3440=DIRECTION('',(-1.,0.,0.));
#3441=DIRECTION('',(-1.,0.,0.));
#3442=DIRECTION('',(0.,1.,0.));
#3443=DIRECTION('',(1.,0.,0.));
#3444=DIRECTION('',(0.,1.,0.));
#3445=DIRECTION('',(1.,0.,0.));
#3446=DIRECTION('',(0.,1.,0.));
#3447=DIRECTION('',(1.,0.,0.));
#3448=DIRECTION('',(0.,1.,0.));
#3449=DIRECTION('',(1.,0.,0.));
#3450=DIRECTION('',(0.,-1.,0.));
#3451=DIRECTION('',(-1.,0.,0.));
#3452=DIRECTION('',(0.,-1.,0.));
#3453=DIRECTION('',(-1.,0.,0.));
#3454=DIRECTION('',(0.,-1.,0.));
#3455=DIRECTION('',(-1.,0.,0.));
#3456=DIRECTION('',(0.,-1.,0.));
#3457=DIRECTION('',(-1.,0.,0.));
#3458=DIRECTION('',(0.,-1.,0.));
#3459=DIRECTION('',(0.,0.,-1.));
#3460=DIRECTION('',(0.,0.,1.));
#3461=DIRECTION('',(-1.,0.,0.));
#3462=DIRECTION('',(0.,0.,1.));
#3463=DIRECTION('',(1.,0.,0.));
#3464=DIRECTION('',(0.702732143526418,0.711454520299623,0.));
#3465=DIRECTION('',(-0.711454520299623,0.702732143526418,0.));
#3466=DIRECTION('',(0.,0.,1.));
#3467=DIRECTION('',(0.711454520299623,-0.702732143526418,0.));
#3468=DIRECTION('',(0.,0.,1.));
#3469=DIRECTION('',(-0.711454520299623,0.702732143526418,0.));
#3470=DIRECTION('',(1.,0.,0.));
#3471=DIRECTION('',(0.,0.,-1.));
#3472=DIRECTION('',(0.,-1.,0.));
#3473=DIRECTION('',(0.,1.,0.));
#3474=DIRECTION('',(0.72408431360888,-0.689711466328897,0.));
#3475=DIRECTION('',(0.689711466328897,0.72408431360888,0.));
#3476=DIRECTION('',(-0.689711466328897,-0.72408431360888,0.));
#3477=DIRECTION('',(0.,0.,1.));
#3478=DIRECTION('',(0.689711466328897,0.724084313608881,0.));
#3479=DIRECTION('',(0.,0.,1.));
#3480=DIRECTION('',(1.,0.,0.));
#3481=DIRECTION('',(0.,0.,1.));
#3482=DIRECTION('',(0.,0.,-1.));
#3483=DIRECTION('',(-1.,0.,0.));
#3484=DIRECTION('',(0.,0.,1.));
#3485=DIRECTION('',(0.,0.,-1.));
#3486=DIRECTION('',(1.,0.,0.));
#3487=DIRECTION('',(0.,0.,-1.));
#3488=DIRECTION('',(0.689711466328897,0.72408431360888,0.));
#3489=DIRECTION('',(-1.,0.,0.));
#3490=DIRECTION('',(0.,0.,-1.));
#3491=DIRECTION('',(-1.,0.,0.));
#3492=DIRECTION('',(0.386648223836415,-0.922227277304324,0.));
#3493=DIRECTION('',(0.,0.,-1.));
#3494=DIRECTION('',(-1.,0.,0.));
#3495=DIRECTION('',(1.22464679914735E-16,-1.,0.));
#3496=DIRECTION('',(1.,0.,0.));
#3497=DIRECTION('',(0.,0.,-1.));
#3498=DIRECTION('',(-1.,0.,0.));
#3499=DIRECTION('',(0.723468840667845,-0.690357035585736,0.));
#3500=DIRECTION('',(1.,0.,0.));
#3501=DIRECTION('',(0.689711466328897,0.72408431360888,0.));
#3502=DIRECTION('',(0.,1.,0.));
#3503=DIRECTION('',(0.,0.,-1.));
#3504=DIRECTION('',(-1.,0.,0.));
#3505=DIRECTION('',(1.,0.,0.));
#3506=DIRECTION('',(0.,1.,0.));
#3507=DIRECTION('',(-0.711454520299623,0.702732143526418,0.));
#3508=DIRECTION('',(0.386648223836415,-0.922227277304324,0.));
#3509=DIRECTION('',(0.,0.,-1.));
#3510=DIRECTION('',(-1.,0.,0.));
#3511=DIRECTION('',(-1.,0.,0.));
#3512=DIRECTION('',(-0.711454520299623,0.702732143526418,0.));
#3513=DIRECTION('',(0.,1.,0.));
#3514=DIRECTION('',(1.,0.,0.));
#3515=DIRECTION('',(0.734803155683656,0.678280415755417,0.));
#3516=DIRECTION('',(0.,1.,0.));
#3517=DIRECTION('',(0.689711466328897,0.72408431360888,0.));
#3518=DIRECTION('',(1.,0.,0.));
#3519=DIRECTION('',(0.723468840667845,-0.690357035585736,0.));
#3520=DIRECTION('',(1.,0.,0.));
#3521=DIRECTION('',(1.22464679914735E-16,-1.,0.));
#3522=DIRECTION('',(-0.690357035585736,-0.723468840667845,0.));
#3523=DIRECTION('',(0.723468840667845,-0.690357035585736,0.));
#3524=DIRECTION('',(0.,0.,1.));
#3525=DIRECTION('',(-0.723468840667845,0.690357035585736,0.));
#3526=DIRECTION('',(0.723468840667845,-0.690357035585736,0.));
#3527=DIRECTION('',(0.,-1.,0.));
#3528=DIRECTION('',(0.,0.,-1.));
#3529=DIRECTION('',(0.,0.,1.));
#3530=DIRECTION('',(-1.,0.,0.));
#3531=DIRECTION('',(1.,0.,0.));
#3532=DIRECTION('',(-1.,-1.22464679914735E-16,0.));
#3533=DIRECTION('',(1.22464679914735E-16,-1.,0.));
#3534=DIRECTION('',(0.,0.,1.));
#3535=DIRECTION('',(-1.22464679914735E-16,1.,0.));
#3536=DIRECTION('',(2.02553038522428E-16,-1.,0.));
#3537=DIRECTION('',(-0.922227277304324,-0.386648223836414,0.));
#3538=DIRECTION('',(0.386648223836415,-0.922227277304324,0.));
#3539=DIRECTION('',(-0.386648223836415,0.922227277304324,0.));
#3540=DIRECTION('',(0.386648223836415,-0.922227277304324,0.));
#3541=DIRECTION('',(0.,1.,0.));
#3542=DIRECTION('',(0.,0.,1.));
#3543=DIRECTION('',(1.,0.,0.));
#3544=DIRECTION('',(1.,0.,0.));
#3545=DIRECTION('',(1.,0.,0.));
#3546=DIRECTION('',(0.,0.,-1.));
#3547=DIRECTION('',(0.,-1.,0.));
#3548=DIRECTION('',(0.,1.,0.));
#3549=DIRECTION('',(0.,-1.,0.));
#3550=DIRECTION('',(0.,0.,-1.));
#3551=DIRECTION('',(0.,0.,1.));
#3552=DIRECTION('',(1.,0.,0.));
#3553=DIRECTION('',(0.,0.,1.));
#3554=DIRECTION('',(-1.,0.,0.));
#3555=DIRECTION('',(-0.690357035585736,-0.723468840667845,0.));
#3556=DIRECTION('',(0.723468840667845,-0.690357035585736,0.));
#3557=DIRECTION('',(0.,0.,1.));
#3558=DIRECTION('',(0.723468840667845,-0.690357035585736,0.));
#3559=DIRECTION('',(0.,0.,1.));
#3560=DIRECTION('',(-0.723468840667845,0.690357035585736,0.));
#3561=DIRECTION('',(0.,-1.,0.));
#3562=DIRECTION('',(0.,0.,-1.));
#3563=DIRECTION('',(0.,0.,1.));
#3564=DIRECTION('',(1.,0.,0.));
#3565=DIRECTION('',(0.,0.,1.));
#3566=DIRECTION('',(-1.,0.,0.));
#3567=DIRECTION('',(-1.,-1.22464679914735E-16,0.));
#3568=DIRECTION('',(1.22464679914735E-16,-1.,0.));
#3569=DIRECTION('',(0.,0.,1.));
#3570=DIRECTION('',(1.22464679914735E-16,-1.,0.));
#3571=DIRECTION('',(0.,0.,1.));
#3572=DIRECTION('',(-1.22464679914735E-16,1.,0.));
#3573=DIRECTION('',(-0.922227277304324,-0.386648223836414,0.));
#3574=DIRECTION('',(0.386648223836415,-0.922227277304324,0.));
#3575=DIRECTION('',(0.,0.,1.));
#3576=DIRECTION('',(0.386648223836415,-0.922227277304324,0.));
#3577=DIRECTION('',(0.,0.,1.));
#3578=DIRECTION('',(-0.386648223836415,0.922227277304324,0.));
#3579=DIRECTION('',(0.,0.,1.));
#3580=DIRECTION('',(1.,0.,0.));
#3581=DIRECTION('',(0.,0.,1.));
#3582=DIRECTION('',(0.,0.,-1.));
#3583=DIRECTION('',(-1.,0.,0.));
#3584=DIRECTION('',(0.,0.,-1.));
#3585=DIRECTION('',(-1.,0.,0.));
#3586=DIRECTION('',(0.,1.,0.));
#3587=DIRECTION('',(0.,0.,1.));
#3588=DIRECTION('',(0.,0.,1.));
#3589=DIRECTION('',(-1.,0.,0.));
#3590=DIRECTION('',(0.,0.,1.));
#3591=DIRECTION('',(1.,0.,0.));
#3592=DIRECTION('',(0.702732143526418,0.711454520299623,0.));
#3593=DIRECTION('',(-0.711454520299623,0.702732143526418,0.));
#3594=DIRECTION('',(0.,0.,1.));
#3595=DIRECTION('',(-0.711454520299623,0.702732143526418,0.));
#3596=DIRECTION('',(0.,0.,1.));
#3597=DIRECTION('',(0.711454520299623,-0.702732143526418,0.));
#3598=DIRECTION('',(1.,0.,0.));
#3599=DIRECTION('',(0.,0.,-1.));
#3600=DIRECTION('',(0.,0.,1.));
#3601=DIRECTION('',(0.,1.,0.));
#3602=DIRECTION('',(0.,0.,1.));
#3603=DIRECTION('',(0.,-1.,0.));
#3604=DIRECTION('',(1.,0.,0.));
#3605=DIRECTION('',(0.,0.,-1.));
#3606=DIRECTION('',(0.,0.,-1.));
#3607=DIRECTION('',(0.,1.,0.));
#3608=DIRECTION('',(0.,0.,1.));
#3609=DIRECTION('',(0.,1.,0.));
#3610=DIRECTION('',(0.,0.,-1.));
#3611=DIRECTION('',(-1.,0.,0.));
#3612=DIRECTION('',(0.,0.,1.));
#3613=DIRECTION('',(1.,0.,0.));
#3614=DIRECTION('',(0.,0.,1.));
#3615=DIRECTION('',(1.,0.,0.));
#3616=DIRECTION('',(0.,0.,-1.));
#3617=DIRECTION('',(-1.,0.,0.));
#3618=DIRECTION('',(0.,0.,1.));
#3619=DIRECTION('',(1.,0.,0.));
#3620=DIRECTION('',(0.,0.,1.));
#3621=DIRECTION('',(1.,0.,0.));
#3622=DIRECTION('',(0.,0.,-1.));
#3623=DIRECTION('',(-1.,0.,0.));
#3624=DIRECTION('',(0.,0.,1.));
#3625=DIRECTION('',(1.,0.,0.));
#3626=DIRECTION('',(0.,0.,1.));
#3627=DIRECTION('',(1.,0.,0.));
#3628=DIRECTION('',(0.,0.,-1.));
#3629=DIRECTION('',(-1.,0.,0.));
#3630=DIRECTION('',(0.,0.,1.));
#3631=DIRECTION('',(1.,0.,0.));
#3632=DIRECTION('',(0.,0.,1.));
#3633=DIRECTION('',(1.,0.,0.));
#3634=DIRECTION('',(0.,0.,-1.));
#3635=DIRECTION('',(-1.,0.,0.));
#3636=DIRECTION('',(0.,0.,1.));
#3637=DIRECTION('',(1.,0.,0.));
#3638=DIRECTION('',(0.,0.,1.));
#3639=DIRECTION('',(1.,0.,0.));
#3640=DIRECTION('',(0.,0.,-1.));
#3641=DIRECTION('',(-1.,0.,0.));
#3642=DIRECTION('',(0.,0.,1.));
#3643=DIRECTION('',(1.,0.,0.));
#3644=DIRECTION('',(0.,0.,1.));
#3645=DIRECTION('',(1.,0.,0.));
#3646=DIRECTION('',(0.,0.,-1.));
#3647=DIRECTION('',(-1.,0.,0.));
#3648=DIRECTION('',(0.,0.,1.));
#3649=DIRECTION('',(1.,0.,0.));
#3650=DIRECTION('',(0.,0.,1.));
#3651=DIRECTION('',(1.,0.,0.));
#3652=DIRECTION('',(0.,0.,1.));
#3653=DIRECTION('',(1.,0.,0.));
#3654=DIRECTION('',(0.723468840667845,-0.690357035585736,0.));
#3655=DIRECTION('',(0.690357035585736,0.723468840667845,0.));
#3656=DIRECTION('',(-0.723468840667844,0.690357035585737,0.));
#3657=DIRECTION('',(-0.690357035585737,-0.723468840667844,0.));
#3658=DIRECTION('',(0.723468840667846,-0.690357035585735,0.));
#3659=DIRECTION('',(0.690357035585735,0.723468840667846,0.));
#3660=DIRECTION('',(-3.46944695195361E-15,0.,1.));
#3661=DIRECTION('',(1.,0.,3.46944695195361E-15));
#3662=DIRECTION('',(1.,0.,3.46944695195361E-15));
#3663=DIRECTION('',(3.46944695195361E-15,0.,-1.));
#3664=DIRECTION('',(0.,0.,1.));
#3665=DIRECTION('',(1.,0.,0.));
#3666=DIRECTION('',(0.,0.,-1.));
#3667=DIRECTION('',(-1.,0.,0.));
#3668=DIRECTION('',(-1.,0.,0.));
#3669=DIRECTION('',(0.,0.,1.));
#3670=DIRECTION('',(0.,0.,-1.));
#3671=DIRECTION('',(-1.,0.,0.));
#3672=DIRECTION('',(0.,0.,1.));
#3673=DIRECTION('',(1.,0.,0.));
#3674=DIRECTION('',(0.,0.,-1.));
#3675=DIRECTION('',(-1.,0.,0.));
#3676=DIRECTION('',(1.,0.,0.));
#3677=DIRECTION('',(0.,0.,-1.));
#3678=DIRECTION('',(-1.,0.,0.));
#3679=DIRECTION('',(0.,0.,1.));
#3680=DIRECTION('',(1.,0.,0.));
#3681=DIRECTION('',(0.,0.,-1.));
#3682=DIRECTION('',(1.,0.,0.));
#3683=DIRECTION('',(0.,0.,-1.));
#3684=DIRECTION('',(0.,0.,-1.));
#3685=DIRECTION('',(-1.,0.,0.));
#3686=DIRECTION('',(0.,0.,-1.));
#3687=DIRECTION('',(-1.,0.,0.));
#3688=DIRECTION('',(-0.723468840667845,0.690357035585736,0.));
#3689=DIRECTION('',(-0.690357035585736,-0.723468840667845,0.));
#3690=DIRECTION('',(-0.723468840667846,0.690357035585735,0.));
#3691=DIRECTION('',(-0.690357035585735,-0.723468840667846,0.));
#3692=DIRECTION('',(0.723468840667846,-0.690357035585735,0.));
#3693=DIRECTION('',(0.690357035585735,0.723468840667846,0.));
#3694=DIRECTION('',(0.,0.,-1.));
#3695=DIRECTION('',(-1.,0.,0.));
#3696=DIRECTION('',(1.,0.,0.));
#3697=DIRECTION('',(0.,0.,-1.));
#3698=DIRECTION('',(0.,0.,1.));
#3699=DIRECTION('',(1.,0.,0.));
#3700=DIRECTION('',(0.689711466328895,0.724084313608882,5.02434422961552E-15));
#3701=DIRECTION('',(-0.724084313608882,0.689711466328895,0.));
#3702=DIRECTION('',(0.,0.,1.));
#3703=DIRECTION('',(1.,0.,0.));
#3704=DIRECTION('',(0.,0.,1.));
#3705=DIRECTION('',(1.,0.,0.));
#3706=DIRECTION('',(0.,0.,1.));
#3707=DIRECTION('',(1.,0.,0.));
#3708=DIRECTION('',(0.,1.,0.));
#3709=DIRECTION('',(0.,0.,1.));
#3710=DIRECTION('',(0.,0.,-1.));
#3711=DIRECTION('',(-1.,0.,0.));
#3712=DIRECTION('',(-1.,0.,0.));
#3713=DIRECTION('',(0.,0.,1.));
#3714=DIRECTION('',(-1.,0.,0.));
#3715=DIRECTION('',(0.,0.,1.));
#3716=DIRECTION('',(-1.,0.,3.46944695195361E-15));
#3717=DIRECTION('',(3.46944695195361E-15,0.,1.));
#3718=DIRECTION('',(0.,0.,1.));
#3719=DIRECTION('',(1.,0.,0.));
#3720=DIRECTION('',(0.,0.,-1.));
#3721=DIRECTION('',(-1.,0.,0.));
#3722=DIRECTION('',(0.689711466328897,0.72408431360888,0.));
#3723=DIRECTION('',(-0.72408431360888,0.689711466328897,0.));
#3724=DIRECTION('',(-0.689711466328899,-0.724084313608878,0.));
#3725=DIRECTION('',(0.724084313608879,-0.689711466328899,0.));
#3726=DIRECTION('',(1.22464679914735E-16,-1.,0.));
#3727=DIRECTION('',(1.,1.22464679914735E-16,0.));
#3728=DIRECTION('',(0.,-1.,0.));
#3729=DIRECTION('',(0.,0.,-1.));
#3730=DIRECTION('',(0.,0.,1.));
#3731=DIRECTION('',(1.,0.,0.));
#3732=DIRECTION('',(0.,0.,-1.));
#3733=DIRECTION('',(-1.,0.,0.));
#3734=DIRECTION('',(-1.,0.,0.));
#3735=DIRECTION('',(0.,0.,1.));
#3736=DIRECTION('',(1.,0.,0.));
#3737=DIRECTION('',(0.,0.,-1.));
#3738=DIRECTION('',(-3.46944695195361E-15,0.,-1.));
#3739=DIRECTION('',(-1.,0.,3.46944695195361E-15));
#3740=DIRECTION('',(0.6897114663289,0.724084313608877,0.));
#3741=DIRECTION('',(-0.724084313608877,0.6897114663289,0.));
#3742=DIRECTION('',(0.,-3.46944695195361E-15,1.));
#3743=DIRECTION('',(0.,-1.,-3.46944695195361E-15));
#3744=DIRECTION('',(0.,1.,3.46944695195361E-15));
#3745=DIRECTION('',(0.,-3.46944695195361E-15,1.));
#3746=DIRECTION('',(0.,0.,-1.));
#3747=DIRECTION('',(-1.,0.,0.));
#3748=DIRECTION('',(-0.386648223836415,0.922227277304324,0.));
#3749=DIRECTION('',(-0.922227277304324,-0.386648223836415,0.));
#3750=DIRECTION('',(0.,0.,-1.));
#3751=DIRECTION('',(-1.,0.,0.));
#3752=DIRECTION('',(0.,1.,0.));
#3753=DIRECTION('',(0.,0.,1.));
#3754=DIRECTION('',(0.,1.,0.));
#3755=DIRECTION('',(0.,0.,1.));
#3756=DIRECTION('',(-0.689711466328897,-0.72408431360888,0.));
#3757=DIRECTION('',(0.72408431360888,-0.689711466328897,0.));
#3758=DIRECTION('',(-0.689711466328897,-0.72408431360888,-7.41726157419776E-15));
#3759=DIRECTION('',(0.72408431360888,-0.689711466328897,0.));
#3760=DIRECTION('',(0.,0.,1.));
#3761=DIRECTION('',(1.,0.,0.));
#3762=DIRECTION('',(0.,0.,-1.));
#3763=DIRECTION('',(-1.,0.,0.));
#3764=DIRECTION('',(0.,0.,-1.));
#3765=DIRECTION('',(-1.,0.,0.));
#3766=DIRECTION('',(0.,1.,0.));
#3767=DIRECTION('',(0.,0.,1.));
#3768=DIRECTION('',(0.,-1.,0.));
#3769=DIRECTION('',(0.,0.,-1.));
#3770=DIRECTION('',(0.386648223836415,-0.922227277304324,0.));
#3771=DIRECTION('',(0.922227277304324,0.386648223836414,0.));
#3772=DIRECTION('',(0.386648223836415,-0.922227277304324,0.));
#3773=DIRECTION('',(0.922227277304324,0.386648223836415,0.));
#3774=DIRECTION('',(0.,0.,-1.));
#3775=DIRECTION('',(-1.,0.,0.));
#3776=DIRECTION('',(0.,0.,-1.));
#3777=DIRECTION('',(-1.,0.,0.));
#3778=DIRECTION('',(-1.22464679914735E-16,1.,0.));
#3779=DIRECTION('',(-1.,-1.22464679914735E-16,0.));
#3780=DIRECTION('',(0.,-1.,0.));
#3781=DIRECTION('',(0.,0.,-1.));
#3782=DIRECTION('',(3.46944695195361E-15,6.93889390390723E-15,-1.));
#3783=DIRECTION('',(0.,1.,6.93889390390723E-15));
#3784=DIRECTION('',(-6.9388939039072E-15,1.,0.));
#3785=DIRECTION('',(-1.,-6.9388939039072E-15,0.));
#3786=DIRECTION('',(0.,0.,-1.));
#3787=DIRECTION('',(-1.,0.,0.));
#3788=DIRECTION('',(1.,0.,0.));
#3789=DIRECTION('',(0.,0.,-1.));
#3790=DIRECTION('',(0.,0.,-1.));
#3791=DIRECTION('',(-1.,0.,0.));
#3792=DIRECTION('',(-0.996459094454927,-0.0840789692971264,1.63653442591151E-13));
#3793=DIRECTION('',(0.0840789692971264,-0.996459094454927,0.));
#3794=DIRECTION('',(0.,0.,-1.));
#3795=DIRECTION('',(-1.,0.,0.));
#3796=DIRECTION('',(-0.386648223836415,0.922227277304324,7.99904654062992E-16));
#3797=DIRECTION('',(-0.922227277304324,-0.386648223836415,0.));
#3798=DIRECTION('',(0.,-1.,0.));
#3799=DIRECTION('',(0.,0.,-1.));
#3800=DIRECTION('',(0.,-1.,0.));
#3801=DIRECTION('',(0.,0.,-1.));
#3802=DIRECTION('',(0.,0.,1.));
#3803=DIRECTION('',(1.,0.,0.));
#3804=DIRECTION('',(0.,0.,-1.));
#3805=DIRECTION('',(-1.,0.,0.));
#3806=DIRECTION('',(0.,0.,-1.));
#3807=DIRECTION('',(-1.,0.,0.));
#3808=DIRECTION('',(1.,0.,0.));
#3809=DIRECTION('',(0.,0.,-1.));
#3810=DIRECTION('',(-1.,0.,0.));
#3811=DIRECTION('',(0.,0.,1.));
#3812=DIRECTION('',(1.70002900645727E-13,6.93889390390723E-15,1.));
#3813=DIRECTION('',(1.,0.,-1.70002900645727E-13));
#3814=DIRECTION('',(0.,0.,1.));
#3815=DIRECTION('',(1.,0.,0.));
#3816=DIRECTION('',(1.,-1.63064006741819E-13,0.));
#3817=DIRECTION('',(1.63064006741819E-13,1.,0.));
#3818=DIRECTION('',(-0.386648223836415,0.922227277304324,0.));
#3819=DIRECTION('',(-0.922227277304324,-0.386648223836414,0.));
#3820=DIRECTION('',(0.386648223836415,-0.922227277304324,0.));
#3821=DIRECTION('',(0.922227277304324,0.386648223836415,0.));
#3822=DIRECTION('',(0.,0.,-1.));
#3823=DIRECTION('',(-1.,0.,0.));
#3824=DIRECTION('',(1.,0.,0.));
#3825=DIRECTION('',(0.,0.,-1.));
#3826=DIRECTION('',(0.,1.,0.));
#3827=DIRECTION('',(0.,0.,1.));
#3828=DIRECTION('',(0.,1.,0.));
#3829=DIRECTION('',(0.,0.,1.));
#3830=DIRECTION('',(0.,0.,1.));
#3831=DIRECTION('',(1.,0.,0.));
#3832=DIRECTION('',(-1.,0.,0.));
#3833=DIRECTION('',(0.,0.,1.));
#3834=DIRECTION('',(-1.,0.,-3.46944695195361E-15));
#3835=DIRECTION('',(-3.46944695195361E-15,0.,1.));
#3836=DIRECTION('',(0.,0.,1.));
#3837=DIRECTION('',(1.,0.,0.));
#3838=DIRECTION('',(0.,0.,-1.));
#3839=DIRECTION('',(-1.,0.,0.));
#3840=DIRECTION('',(0.,0.,-1.));
#3841=DIRECTION('',(-1.,0.,0.));
#3842=DIRECTION('',(-0.996459094454944,-0.0840789692969251,0.));
#3843=DIRECTION('',(0.0840789692969252,-0.996459094454944,0.));
#3844=DIRECTION('',(-1.,0.,0.));
#3845=DIRECTION('',(0.,0.,1.));
#3846=DIRECTION('',(-1.,0.,0.));
#3847=DIRECTION('',(0.,0.,1.));
#3848=DIRECTION('',(0.,0.,1.));
#3849=DIRECTION('',(1.,0.,0.));
#3850=DIRECTION('',(0.,0.,-1.));
#3851=DIRECTION('',(-1.,0.,0.));
#3852=DIRECTION('',(0.,1.,0.));
#3853=DIRECTION('',(0.,0.,1.));
#3854=DIRECTION('',(1.73472347597681E-15,-1.,0.));
#3855=DIRECTION('',(1.,1.73472347597681E-15,0.));
#3856=DIRECTION('',(-0.711454520299623,0.702732143526418,0.));
#3857=DIRECTION('',(-0.702732143526418,-0.711454520299623,0.));
#3858=DIRECTION('',(0.711454520299625,-0.702732143526416,0.));
#3859=DIRECTION('',(0.702732143526416,0.711454520299625,0.));
#3860=DIRECTION('',(-0.711454520299623,0.702732143526417,-1.21904594669878E-15));
#3861=DIRECTION('',(-0.702732143526417,-0.711454520299623,0.));
#3862=DIRECTION('',(0.,0.,1.));
#3863=DIRECTION('',(1.,0.,0.));
#3864=DIRECTION('',(0.,0.,1.));
#3865=DIRECTION('',(1.,0.,0.));
#3866=DIRECTION('',(1.97758476261356E-13,1.04083408558608E-14,-1.));
#3867=DIRECTION('',(-1.,0.,-1.97758476261356E-13));
#3868=DIRECTION('',(1.,0.,2.0122792321331E-13));
#3869=DIRECTION('',(2.0122792321331E-13,0.,-1.));
#3870=DIRECTION('',(0.,1.,0.));
#3871=DIRECTION('',(0.,0.,1.));
#3872=DIRECTION('',(0.,1.,0.));
#3873=DIRECTION('',(0.,0.,1.));
#3874=DIRECTION('',(0.,1.73472347597681E-15,1.));
#3875=DIRECTION('',(0.,-1.,1.73472347597681E-15));
#3876=DIRECTION('',(0.,0.,1.));
#3877=DIRECTION('',(1.,0.,0.));
#3878=DIRECTION('',(0.,0.,1.));
#3879=DIRECTION('',(1.,0.,0.));
#3880=DIRECTION('',(0.,0.,-1.));
#3881=DIRECTION('',(-1.,0.,0.));
#3882=DIRECTION('',(1.,0.,0.));
#3883=DIRECTION('',(0.,0.,-1.));
#3884=DIRECTION('',(-1.,-1.7347234759768E-14,0.));
#3885=DIRECTION('',(1.7347234759768E-14,-1.,0.));
#3886=DIRECTION('',(0.,-1.,0.));
#3887=DIRECTION('',(0.,0.,-1.));
#3888=DIRECTION('',(0.,-1.,1.21430643318376E-14));
#3889=DIRECTION('',(0.,-1.21430643318376E-14,-1.));
#3890=DIRECTION('',(0.,0.,1.));
#3891=DIRECTION('',(1.,0.,0.));
#3892=DIRECTION('',(0.,0.,-1.));
#3893=DIRECTION('',(-1.,0.,0.));
#3894=DIRECTION('',(-1.73472347597681E-14,3.46944695195361E-15,-1.));
#3895=DIRECTION('',(-1.,0.,1.73472347597681E-14));
#3896=DIRECTION('',(0.711454520299623,-0.702732143526417,-1.47798604779333E-14));
#3897=DIRECTION('',(0.702732143526417,0.711454520299623,0.));
#3898=DIRECTION('',(0.,-1.04083408558608E-14,-1.));
#3899=DIRECTION('',(0.,1.,-1.04083408558608E-14));
#3900=DIRECTION('',(-0.711454520299617,0.702732143526423,0.));
#3901=DIRECTION('',(-0.702732143526423,-0.711454520299617,0.));
#3902=DIRECTION('',(0.711454520299623,-0.702732143526418,0.));
#3903=DIRECTION('',(0.702732143526418,0.711454520299623,0.));
#3904=DIRECTION('',(-0.689711466328897,-0.72408431360888,0.));
#3905=DIRECTION('',(0.72408431360888,-0.689711466328897,0.));
#3906=DIRECTION('',(-0.919160341379266,-0.39388357015183,0.));
#3907=DIRECTION('',(-0.39388357015183,0.919160341379266,0.));
#3908=DIRECTION('',(-0.371426766934695,-0.928462253839347,0.));
#3909=DIRECTION('',(-0.928462253839347,0.371426766934695,0.));
#3910=DIRECTION('',(0.,-1.,0.));
#3911=DIRECTION('',(0.,0.,-1.));
#3912=DIRECTION('',(-0.401073300186253,-0.916045963845542,0.));
#3913=DIRECTION('',(-0.916045963845542,0.401073300186253,0.));
#3914=DIRECTION('',(-1.,0.,0.));
#3915=DIRECTION('',(0.,0.,1.));
#3916=DIRECTION('',(-0.92829651530851,0.371840798818631,0.));
#3917=DIRECTION('',(0.371840798818631,0.92829651530851,0.));
#3918=DIRECTION('',(-0.734803155683656,-0.678280415755417,0.));
#3919=DIRECTION('',(0.678280415755417,-0.734803155683656,0.));
#3920=DIRECTION('',(-0.931343963228317,-0.364140662599183,0.));
#3921=DIRECTION('',(-0.364140662599183,0.931343963228317,0.));
#3922=DIRECTION('',(-0.723468840667845,0.690357035585736,0.));
#3923=DIRECTION('',(-0.690357035585736,-0.723468840667845,0.));
#3924=DIRECTION('',(-0.92829651530851,0.371840798818631,0.));
#3925=DIRECTION('',(0.371840798818631,0.92829651530851,0.));
#3926=DIRECTION('',(-1.,0.,0.));
#3927=DIRECTION('',(0.,0.,1.));
#3928=DIRECTION('',(-0.707106781186548,-0.707106781186548,0.));
#3929=DIRECTION('',(-0.707106781186548,0.707106781186548,0.));
#3930=DIRECTION('',(-1.,0.,0.));
#3931=DIRECTION('',(0.,0.,1.));
#3932=DIRECTION('',(-0.707106781186548,0.707106781186548,0.));
#3933=DIRECTION('',(0.707106781186548,0.707106781186548,0.));
#3934=DIRECTION('',(0.,-1.,0.));
#3935=DIRECTION('',(0.,0.,-1.));
#3936=DIRECTION('',(0.385530709849152,-0.922695004735156,0.));
#3937=DIRECTION('',(-0.922695004735156,-0.385530709849152,0.));
#3938=DIRECTION('',(-1.22464679914735E-16,1.,0.));
#3939=DIRECTION('',(-1.,-1.22464679914735E-16,0.));
#3940=DIRECTION('',(-0.197196250846303,0.980364033740611,0.));
#3941=DIRECTION('',(0.980364033740611,0.197196250846303,0.));
#3942=DIRECTION('',(0.711454520299623,-0.702732143526418,0.));
#3943=DIRECTION('',(0.702732143526418,0.711454520299623,0.));
#3944=DIRECTION('',(0.925055274105181,-0.379832515525183,0.));
#3945=DIRECTION('',(-0.379832515525183,-0.925055274105181,0.));
#3946=DIRECTION('',(-0.386648223836415,0.922227277304324,0.));
#3947=DIRECTION('',(-0.922227277304324,-0.386648223836414,0.));
#3948=DIRECTION('',(0.386648223836416,-0.922227277304324,0.));
#3949=DIRECTION('',(0.922227277304323,0.386648223836415,0.));
#3950=DIRECTION('',(1.,0.,0.));
#3951=DIRECTION('',(0.,0.,-1.));
#3952=DIRECTION('',(0.,0.,-1.));
#3953=DIRECTION('',(-1.,0.,0.));
#3954=DIRECTION('',(0.,0.,1.));
#3955=DIRECTION('',(1.,0.,0.));
#3956=DIRECTION('',(0.,0.,1.));
#3957=DIRECTION('',(1.,0.,0.));
#3958=DIRECTION('',(0.,0.,1.));
#3959=DIRECTION('',(1.,0.,0.));
#3960=DIRECTION('',(0.,0.,1.));
#3961=DIRECTION('',(1.,0.,0.));
#3962=DIRECTION('',(0.,0.,1.));
#3963=DIRECTION('',(1.,0.,0.));
#3964=DIRECTION('',(0.,0.,1.));
#3965=DIRECTION('',(1.,0.,0.));
#3966=DIRECTION('',(0.,0.,1.));
#3967=DIRECTION('',(1.,0.,0.));
#3968=DIRECTION('',(1.,0.,0.));
#3969=DIRECTION('',(0.,0.,-1.));
#3970=DIRECTION('',(0.,0.,-1.));
#3971=DIRECTION('',(0.,1.,0.));
#3972=DIRECTION('',(0.,0.,-1.));
#3973=DIRECTION('',(1.,0.,0.));
#3974=DIRECTION('',(0.,0.,-1.));
#3975=DIRECTION('',(0.,0.,-1.));
#3976=DIRECTION('',(0.,1.,0.));
#3977=DIRECTION('',(0.,0.,-1.));
#3978=DIRECTION('',(0.,0.,-1.));
#3979=DIRECTION('',(-1.,0.,0.));
#3980=DIRECTION('',(-1.,0.,0.));
#3981=DIRECTION('',(0.,1.,0.));
#3982=DIRECTION('',(-1.,0.,0.));
#3983=DIRECTION('',(0.,1.,0.));
#3984=DIRECTION('',(0.,1.,0.));
#3985=DIRECTION('',(0.,0.,1.));
#3986=DIRECTION('',(0.,-1.,0.));
#3987=DIRECTION('',(0.,0.,-1.));
#3988=DIRECTION('',(0.,-1.,0.));
#3989=DIRECTION('',(0.,0.,-1.));
#3990=DIRECTION('',(0.,-1.,0.));
#3991=DIRECTION('',(1.,0.,0.));
#3992=DIRECTION('',(0.,-1.,0.));
#3993=DIRECTION('',(0.,0.,-1.));
#3994=DIRECTION('',(0.,-1.,0.));
#3995=DIRECTION('',(0.,0.,-1.));
#3996=DIRECTION('',(0.,-1.,0.));
#3997=DIRECTION('',(1.,0.,0.));
#3998=DIRECTION('',(0.,-1.,0.));
#3999=DIRECTION('',(0.,0.,-1.));
#4000=DIRECTION('',(0.,-1.,0.));
#4001=DIRECTION('',(0.,0.,-1.));
#4002=DIRECTION('',(0.,1.,0.));
#4003=DIRECTION('',(0.,0.,1.));
#4004=DIRECTION('',(0.,-1.,0.));
#4005=DIRECTION('',(0.,0.,-1.));
#4006=DIRECTION('',(-1.,0.,0.));
#4007=DIRECTION('',(0.,0.,1.));
#4008=DIRECTION('',(0.,0.,-1.));
#4009=DIRECTION('',(0.,-1.,0.));
#4010=DIRECTION('',(0.,0.,-1.));
#4011=DIRECTION('',(0.,0.,-1.));
#4012=DIRECTION('',(-1.,0.,0.));
#4013=DIRECTION('',(1.,0.,0.));
#4014=DIRECTION('',(0.,-1.,0.));
#4015=DIRECTION('',(1.,0.,0.));
#4016=DIRECTION('',(0.,-1.,0.));
#4017=DIRECTION('',(0.,-1.,0.));
#4018=DIRECTION('',(0.,0.,-1.));
#4019=DIRECTION('',(0.,-1.,0.));
#4020=DIRECTION('',(0.,0.,-1.));
#4021=DIRECTION('',(0.,-1.,0.));
#4022=DIRECTION('',(0.,0.,-1.));
#4023=DIRECTION('',(-1.,0.,0.));
#4024=DIRECTION('',(0.,0.,1.));
#4025=DIRECTION('',(0.,0.,-1.));
#4026=DIRECTION('',(0.,-1.,0.));
#4027=DIRECTION('',(0.,0.,-1.));
#4028=DIRECTION('',(0.,-1.,0.));
#4029=DIRECTION('',(1.,0.,0.));
#4030=DIRECTION('',(0.,-1.,0.));
#4031=DIRECTION('',(0.,0.,-1.));
#4032=DIRECTION('',(0.,-1.,0.));
#4033=DIRECTION('',(0.,0.,-1.));
#4034=DIRECTION('',(0.,-1.,0.));
#4035=DIRECTION('',(1.,0.,0.));
#4036=DIRECTION('',(0.,-1.,0.));
#4037=DIRECTION('',(0.,0.,-1.));
#4038=DIRECTION('',(0.,-1.,0.));
#4039=DIRECTION('',(0.,0.,-1.));
#4040=DIRECTION('',(0.,-1.,0.));
#4041=DIRECTION('',(0.,0.,-1.));
#4042=DIRECTION('',(0.,1.,0.));
#4043=DIRECTION('',(0.,0.,1.));
#4044=DIRECTION('',(1.,0.,0.));
#4045=DIRECTION('',(0.,0.,-1.));
#4046=DIRECTION('',(0.,0.,-1.));
#4047=DIRECTION('',(0.,1.,0.));
#4048=DIRECTION('',(0.,0.,-1.));
#4049=DIRECTION('',(1.,0.,0.));
#4050=DIRECTION('',(0.,0.,-1.));
#4051=DIRECTION('',(0.,0.,-1.));
#4052=DIRECTION('',(0.,1.,0.));
#4053=DIRECTION('',(0.,0.,-1.));
#4054=DIRECTION('',(0.,0.,-1.));
#4055=DIRECTION('',(-1.,0.,0.));
#4056=DIRECTION('',(-1.,0.,0.));
#4057=DIRECTION('',(0.,1.,0.));
#4058=DIRECTION('',(-1.,0.,0.));
#4059=DIRECTION('',(0.,1.,0.));
#4060=DIRECTION('',(0.,1.,0.));
#4061=DIRECTION('',(0.,0.,1.));
#4062=DIRECTION('',(0.,-1.,0.));
#4063=DIRECTION('',(0.,0.,-1.));
#4064=DIRECTION('',(0.,-1.,0.));
#4065=DIRECTION('',(0.,0.,-1.));
#4066=DIRECTION('',(0.,-1.,0.));
#4067=DIRECTION('',(1.,0.,0.));
#4068=DIRECTION('',(0.,-1.,0.));
#4069=DIRECTION('',(0.,0.,-1.));
#4070=DIRECTION('',(0.,-1.,0.));
#4071=DIRECTION('',(0.,0.,-1.));
#4072=DIRECTION('',(0.,-1.,0.));
#4073=DIRECTION('',(1.,0.,0.));
#4074=DIRECTION('',(0.,-1.,0.));
#4075=DIRECTION('',(0.,0.,-1.));
#4076=DIRECTION('',(0.,-1.,0.));
#4077=DIRECTION('',(0.,0.,-1.));
#4078=DIRECTION('',(1.,0.,0.));
#4079=DIRECTION('',(0.,0.,-1.));
#4080=DIRECTION('',(0.,0.,-1.));
#4081=DIRECTION('',(0.,1.,0.));
#4082=DIRECTION('',(0.,0.,-1.));
#4083=DIRECTION('',(0.,0.,1.));
#4084=DIRECTION('',(1.,0.,0.));
#4085=DIRECTION('',(1.,0.,0.));
#4086=DIRECTION('',(0.,1.,0.));
#4087=DIRECTION('',(1.,0.,0.));
#4088=DIRECTION('',(0.,1.,0.));
#4089=DIRECTION('',(0.,1.,0.));
#4090=DIRECTION('',(0.,0.,1.));
#4091=DIRECTION('',(0.,-1.,0.));
#4092=DIRECTION('',(0.,0.,-1.));
#4093=DIRECTION('',(0.,-1.,0.));
#4094=DIRECTION('',(0.,0.,-1.));
#4095=DIRECTION('',(1.,0.,0.));
#4096=DIRECTION('',(0.,0.,-1.));
#4097=DIRECTION('',(0.,0.,-1.));
#4098=DIRECTION('',(0.,1.,0.));
#4099=DIRECTION('',(0.,0.,-1.));
#4100=DIRECTION('',(0.,-1.,0.));
#4101=DIRECTION('',(1.,0.,0.));
#4102=DIRECTION('',(0.,-1.,0.));
#4103=DIRECTION('',(0.,0.,-1.));
#4104=DIRECTION('',(0.,-1.,0.));
#4105=DIRECTION('',(0.,0.,-1.));
#4106=DIRECTION('',(0.,-1.,0.));
#4107=DIRECTION('',(1.,0.,0.));
#4108=DIRECTION('',(0.,-1.,0.));
#4109=DIRECTION('',(0.,0.,-1.));
#4110=DIRECTION('',(0.,-1.,0.));
#4111=DIRECTION('',(0.,0.,-1.));
#4112=DIRECTION('',(0.,-1.,0.));
#4113=DIRECTION('',(0.,0.,-1.));
#4114=DIRECTION('',(0.,1.,0.));
#4115=DIRECTION('',(0.,0.,1.));
#4116=DIRECTION('',(0.,-1.,0.));
#4117=DIRECTION('',(0.,0.,-1.));
#4118=DIRECTION('',(0.,1.,0.));
#4119=DIRECTION('',(0.,0.,1.));
#4120=DIRECTION('',(-1.,0.,0.));
#4121=DIRECTION('',(0.,0.,1.));
#4122=DIRECTION('',(0.,0.,-1.));
#4123=DIRECTION('',(0.,-1.,0.));
#4124=DIRECTION('',(0.,0.,-1.));
#4125=DIRECTION('',(0.,0.,-1.));
#4126=DIRECTION('',(-1.,0.,0.));
#4127=DIRECTION('',(1.,0.,0.));
#4128=DIRECTION('',(0.,-1.,0.));
#4129=DIRECTION('',(1.,0.,0.));
#4130=DIRECTION('',(0.,-1.,0.));
#4131=DIRECTION('',(0.,-1.,0.));
#4132=DIRECTION('',(0.,0.,-1.));
#4133=DIRECTION('',(0.,-1.,0.));
#4134=DIRECTION('',(0.,0.,-1.));
#4135=DIRECTION('',(0.,-1.,0.));
#4136=DIRECTION('',(0.,0.,-1.));
#4137=DIRECTION('',(-1.,0.,0.));
#4138=DIRECTION('',(0.,0.,1.));
#4139=DIRECTION('',(0.,0.,-1.));
#4140=DIRECTION('',(0.,-1.,0.));
#4141=DIRECTION('',(0.,0.,-1.));
#4142=DIRECTION('',(0.,-1.,0.));
#4143=DIRECTION('',(1.,0.,0.));
#4144=DIRECTION('',(0.,-1.,0.));
#4145=DIRECTION('',(0.,0.,-1.));
#4146=DIRECTION('',(0.,-1.,0.));
#4147=DIRECTION('',(0.,0.,-1.));
#4148=DIRECTION('',(0.,-1.,0.));
#4149=DIRECTION('',(1.,0.,0.));
#4150=DIRECTION('',(0.,-1.,0.));
#4151=DIRECTION('',(0.,0.,-1.));
#4152=DIRECTION('',(0.,-1.,0.));
#4153=DIRECTION('',(0.,0.,-1.));
#4154=DIRECTION('',(1.,0.,0.));
#4155=DIRECTION('',(0.,0.,-1.));
#4156=DIRECTION('',(0.,0.,-1.));
#4157=DIRECTION('',(0.,1.,0.));
#4158=DIRECTION('',(0.,0.,-1.));
#4159=DIRECTION('',(0.,0.,1.));
#4160=DIRECTION('',(1.,0.,0.));
#4161=DIRECTION('',(1.,0.,0.));
#4162=DIRECTION('',(0.,1.,0.));
#4163=DIRECTION('',(1.,0.,0.));
#4164=DIRECTION('',(0.,1.,0.));
#4165=DIRECTION('',(0.,1.,0.));
#4166=DIRECTION('',(0.,0.,1.));
#4167=DIRECTION('',(0.,-1.,0.));
#4168=DIRECTION('',(0.,0.,-1.));
#4169=DIRECTION('',(0.,-1.,0.));
#4170=DIRECTION('',(0.,0.,-1.));
#4171=DIRECTION('',(1.,0.,0.));
#4172=DIRECTION('',(0.,0.,-1.));
#4173=DIRECTION('',(0.,0.,-1.));
#4174=DIRECTION('',(0.,1.,0.));
#4175=DIRECTION('',(0.,0.,-1.));
#4176=DIRECTION('',(0.,-1.,0.));
#4177=DIRECTION('',(1.,0.,0.));
#4178=DIRECTION('',(0.,-1.,0.));
#4179=DIRECTION('',(0.,0.,-1.));
#4180=DIRECTION('',(0.,-1.,0.));
#4181=DIRECTION('',(0.,0.,-1.));
#4182=DIRECTION('',(0.,-1.,0.));
#4183=DIRECTION('',(1.,0.,0.));
#4184=DIRECTION('',(0.,-1.,0.));
#4185=DIRECTION('',(0.,0.,-1.));
#4186=DIRECTION('',(0.,-1.,0.));
#4187=DIRECTION('',(0.,0.,-1.));
#4188=DIRECTION('',(-1.,0.,0.));
#4189=DIRECTION('',(0.,0.,1.));
#4190=DIRECTION('',(0.,0.,-1.));
#4191=DIRECTION('',(0.,-1.,0.));
#4192=DIRECTION('',(0.,0.,-1.));
#4193=DIRECTION('',(-1.,0.,0.));
#4194=DIRECTION('',(0.,0.,1.));
#4195=DIRECTION('',(0.,0.,-1.));
#4196=DIRECTION('',(0.,-1.,0.));
#4197=DIRECTION('',(0.,0.,-1.));
#4198=DIRECTION('',(0.,0.,1.));
#4199=DIRECTION('',(1.,0.,0.));
#4200=DIRECTION('',(-1.,0.,0.));
#4201=DIRECTION('',(0.,-1.,0.));
#4202=DIRECTION('',(-1.,0.,0.));
#4203=DIRECTION('',(0.,-1.,0.));
#4204=DIRECTION('',(0.,-1.,0.));
#4205=DIRECTION('',(0.,0.,-1.));
#4206=DIRECTION('',(0.,-1.,0.));
#4207=DIRECTION('',(0.,0.,-1.));
#4208=DIRECTION('',(0.,-1.,0.));
#4209=DIRECTION('',(0.,0.,-1.));
#4210=DIRECTION('',(0.,-1.,0.));
#4211=DIRECTION('',(1.,0.,0.));
#4212=DIRECTION('',(0.,-1.,0.));
#4213=DIRECTION('',(0.,0.,-1.));
#4214=DIRECTION('',(0.,-1.,0.));
#4215=DIRECTION('',(0.,0.,-1.));
#4216=DIRECTION('',(0.,-1.,0.));
#4217=DIRECTION('',(1.,0.,0.));
#4218=DIRECTION('',(0.,-1.,0.));
#4219=DIRECTION('',(0.,0.,-1.));
#4220=DIRECTION('',(0.,-1.,0.));
#4221=DIRECTION('',(0.,0.,-1.));
#4222=DIRECTION('',(-1.,0.,0.));
#4223=DIRECTION('',(0.,0.,1.));
#4224=DIRECTION('',(0.,0.,-1.));
#4225=DIRECTION('',(0.,-1.,0.));
#4226=DIRECTION('',(0.,0.,-1.));
#4227=DIRECTION('',(-1.,0.,0.));
#4228=DIRECTION('',(0.,0.,1.));
#4229=DIRECTION('',(0.,0.,-1.));
#4230=DIRECTION('',(0.,-1.,0.));
#4231=DIRECTION('',(0.,0.,-1.));
#4232=DIRECTION('',(0.,0.,1.));
#4233=DIRECTION('',(1.,0.,0.));
#4234=DIRECTION('',(-1.,0.,0.));
#4235=DIRECTION('',(0.,-1.,0.));
#4236=DIRECTION('',(-1.,0.,0.));
#4237=DIRECTION('',(0.,-1.,0.));
#4238=DIRECTION('',(0.,-1.,0.));
#4239=DIRECTION('',(0.,0.,-1.));
#4240=DIRECTION('',(0.,-1.,0.));
#4241=DIRECTION('',(0.,0.,-1.));
#4242=DIRECTION('',(0.,-1.,0.));
#4243=DIRECTION('',(0.,0.,-1.));
#4244=DIRECTION('',(0.,-1.,0.));
#4245=DIRECTION('',(1.,0.,0.));
#4246=DIRECTION('',(0.,-1.,0.));
#4247=DIRECTION('',(0.,0.,-1.));
#4248=DIRECTION('',(0.,-1.,0.));
#4249=DIRECTION('',(0.,0.,-1.));
#4250=DIRECTION('',(0.,-1.,0.));
#4251=DIRECTION('',(1.,0.,0.));
#4252=DIRECTION('',(0.,-1.,0.));
#4253=DIRECTION('',(0.,0.,-1.));
#4254=DIRECTION('',(0.,-1.,0.));
#4255=DIRECTION('',(0.,0.,-1.));
#4256=DIRECTION('',(0.,1.,0.));
#4257=DIRECTION('',(0.,0.,1.));
#4258=DIRECTION('',(0.,-1.,0.));
#4259=DIRECTION('',(0.,0.,-1.));
#4260=DIRECTION('',(0.,1.,0.));
#4261=DIRECTION('',(0.,0.,1.));
#4262=DIRECTION('',(0.,-1.,0.));
#4263=DIRECTION('',(0.,0.,-1.));
#4264=DIRECTION('',(0.,-1.,0.));
#4265=DIRECTION('',(0.,0.,-1.));
#4266=DIRECTION('',(0.,1.,0.));
#4267=DIRECTION('',(0.,0.,1.));
#4268=DIRECTION('',(0.,-1.,0.));
#4269=DIRECTION('',(0.,0.,-1.));
#4270=DIRECTION('',(0.,1.,0.));
#4271=DIRECTION('',(0.,0.,1.));
#4272=DIRECTION('',(-1.,0.,0.));
#4273=DIRECTION('',(0.,0.,1.));
#4274=DIRECTION('',(0.,-1.,0.));
#4275=DIRECTION('',(0.,-1.,0.));
#4276=DIRECTION('',(-1.,0.,0.));
#4277=DIRECTION('',(0.,0.,1.));
#4278=DIRECTION('',(0.,-1.,0.));
#4279=DIRECTION('',(0.,-1.,0.));
#4280=DIRECTION('',(0.,0.,-1.));
#4281=DIRECTION('',(-1.,0.,0.));
#4282=DIRECTION('',(0.,0.,-1.));
#4283=DIRECTION('',(-1.,0.,0.));
#4284=CARTESIAN_POINT('',(0.,0.,0.));
#4285=CARTESIAN_POINT('',(-0.0651048228032772,0.0478329349971746,0.));
#4286=CARTESIAN_POINT('',(-0.0664656093880229,0.0478329349971746,0.00826902740328482));
#4287=CARTESIAN_POINT('',(-0.0664656093880229,0.0478329349971746,0.0112880548065696));
#4288=CARTESIAN_POINT('',(-0.0664656093880229,0.0478329349971746,0.00525));
#4289=CARTESIAN_POINT('',(-0.0605396111574964,0.0478329349971746,0.0112880548065696));
#4290=CARTESIAN_POINT('',(-0.05550364765274,0.0478329349971746,0.0112880548065696));
#4291=CARTESIAN_POINT('',(-0.05550364765274,0.0478329349971746,0.));
#4292=CARTESIAN_POINT('',(-0.05550364765274,0.0478329349971746,0.013));
#4293=CARTESIAN_POINT('',(-0.0651048228032772,0.0478329349971746,0.013));
#4294=CARTESIAN_POINT('',(-0.0747059979538144,0.0478329349971746,0.013));
#4295=CARTESIAN_POINT('',(-0.0747059979538144,0.0478329349971746,0.));
#4296=CARTESIAN_POINT('',(-0.0747059979538144,0.0478329349971746,0.005));
#4297=CARTESIAN_POINT('',(-0.0651048228032772,0.0478329349971746,0.005));
#4298=CARTESIAN_POINT('',(-0.05550364765274,0.0478329349971746,0.005));
#4299=CARTESIAN_POINT('',(-0.05550364765274,0.0478329349971746,0.));
#4300=CARTESIAN_POINT('',(-0.05550364765274,0.0478329349971746,0.00525));
#4301=CARTESIAN_POINT('',(-0.0605396111574964,0.0478329349971746,0.00525));
#4302=CARTESIAN_POINT('',(-0.0547133721626852,0.0485624206884233,0.));
#4303=CARTESIAN_POINT('',(-0.0547133721626852,0.0485624206884233,0.0112880548065696));
#4304=CARTESIAN_POINT('',(-0.05461361292697,0.0486545062154832,0.0112880548065696));
#4305=CARTESIAN_POINT('',(-0.05461361292697,0.0486545062154832,0.));
#4306=CARTESIAN_POINT('',(-0.05461361292697,0.0486545062154832,0.00525));
#4307=CARTESIAN_POINT('',(-0.0547133721626852,0.0485624206884233,0.00525));
#4308=CARTESIAN_POINT('',(-0.0547133721626852,0.0485624206884233,0.005));
#4309=CARTESIAN_POINT('',(-0.0539230966726305,0.049291906379672,0.005));
#4310=CARTESIAN_POINT('',(-0.0539230966726305,0.049291906379672,0.));
#4311=CARTESIAN_POINT('',(-0.0539230966726305,0.049291906379672,0.013));
#4312=CARTESIAN_POINT('',(-0.0547133721626852,0.0485624206884233,0.013));
#4313=CARTESIAN_POINT('',(-0.0651048228032772,0.0528329349971746,0.));
#4314=CARTESIAN_POINT('',(-0.0651048228032772,0.0528329349971746,0.0112880548065696));
#4315=CARTESIAN_POINT('',(-0.0664656093880229,0.0528329349971746,0.0112880548065696));
#4316=CARTESIAN_POINT('',(-0.0609230966726305,0.0528329349971746,0.0112880548065696));
#4317=CARTESIAN_POINT('',(-0.0664656093880229,0.0528329349971746,0.));
#4318=CARTESIAN_POINT('',(-0.0664656093880229,0.0528329349971746,0.00525));
#4319=CARTESIAN_POINT('',(-0.0651048228032772,0.0528329349971746,0.00525));
#4320=CARTESIAN_POINT('',(-0.0609230966726305,0.0528329349971746,0.00525));
#4321=CARTESIAN_POINT('',(-0.0609230966726305,0.0528329349971746,0.));
#4322=CARTESIAN_POINT('',(-0.0609230966726305,0.0528329349971746,0.002));
#4323=CARTESIAN_POINT('',(-0.0797059979538144,0.0528329349971746,0.002));
#4324=CARTESIAN_POINT('',(-0.0777059979538144,0.0528329349971746,0.002));
#4325=CARTESIAN_POINT('',(-0.0777059979538144,0.0528329349971746,0.));
#4326=CARTESIAN_POINT('',(-0.0777059979538144,0.0528329349971746,0.013));
#4327=CARTESIAN_POINT('',(-0.0589230966726305,0.0528329349971746,0.013));
#4328=CARTESIAN_POINT('',(-0.0609230966726305,0.0528329349971746,0.013));
#4329=CARTESIAN_POINT('',(-0.0609230966726305,0.0528329349971746,0.));
#4330=CARTESIAN_POINT('',(-0.0589230966726305,0.0522533598803568,0.));
#4331=CARTESIAN_POINT('',(-0.0589230966726305,0.0522533598803568,0.0112880548065696));
#4332=CARTESIAN_POINT('',(-0.0589230966726305,0.0548329349971746,0.0112880548065696));
#4333=CARTESIAN_POINT('',(-0.0589230966726305,0.0564149486543889,0.0112880548065696));
#4334=CARTESIAN_POINT('',(-0.0589230966726305,0.0548329349971746,0.015));
#4335=CARTESIAN_POINT('',(-0.0589230966726305,0.0548329349971746,0.013));
#4336=CARTESIAN_POINT('',(-0.0589230966726305,0.0572150388366204,0.013));
#4337=CARTESIAN_POINT('',(-0.0589230966726305,0.0564149486543889,0.013));
#4338=CARTESIAN_POINT('',(-0.0589230966726305,0.0564149486543889,0.));
#4339=CARTESIAN_POINT('',(-0.0542095770158353,0.0621634641013745,0.));
#4340=CARTESIAN_POINT('',(-0.0542095770158353,0.0621634641013745,0.0112880548065696));
#4341=CARTESIAN_POINT('',(-0.0583712652998483,0.0577943715870467,0.0112880548065696));
#4342=CARTESIAN_POINT('',(-0.05461361292697,0.0617392924300748,0.0112880548065696));
#4343=CARTESIAN_POINT('',(-0.0583712652998483,0.0577943715870467,0.));
#4344=CARTESIAN_POINT('',(-0.0583712652998483,0.0577943715870467,0.013));
#4345=CARTESIAN_POINT('',(-0.0495062639193695,0.067101174145937,0.013));
#4346=CARTESIAN_POINT('',(-0.0500973817091658,0.0664805970785948,0.013));
#4347=CARTESIAN_POINT('',(-0.0500973817091658,0.0664805970785948,0.));
#4348=CARTESIAN_POINT('',(-0.0500973817091658,0.0664805970785948,0.002));
#4349=CARTESIAN_POINT('',(-0.0589230966726305,0.0572150388366204,0.002));
#4350=CARTESIAN_POINT('',(-0.0583712652998483,0.0577943715870467,0.002));
#4351=CARTESIAN_POINT('',(-0.0583712652998483,0.0577943715870467,0.));
#4352=CARTESIAN_POINT('',(-0.0583712652998483,0.0577943715870467,0.00525));
#4353=CARTESIAN_POINT('',(-0.0542095770158353,0.0621634641013745,0.00525));
#4354=CARTESIAN_POINT('',(-0.05461361292697,0.0617392924300748,0.00525));
#4355=CARTESIAN_POINT('',(-0.05461361292697,0.0617392924300748,0.));
#4356=CARTESIAN_POINT('',(-0.0569230966726305,0.0564149486543889,0.));
#4357=CARTESIAN_POINT('',(-0.0569230966726305,0.0564149486543889,0.0112880548065696));
#4358=CARTESIAN_POINT('',(-0.0569230966726305,0.0564149486543889,0.013));
#4359=CARTESIAN_POINT('',(-0.0609230966726305,0.0548329349971746,0.));
#4360=CARTESIAN_POINT('',(-0.0609230966726305,0.0548329349971746,0.0112880548065696));
#4361=CARTESIAN_POINT('',(-0.0609230966726305,0.0548329349971746,0.013));
#4362=CARTESIAN_POINT('',(0.0366552440527812,0.0585893886803982,0.));
#4363=CARTESIAN_POINT('',(-0.0737342213748905,0.047,0.));
#4364=CARTESIAN_POINT('',(-0.0762342213748906,0.047,0.));
#4365=CARTESIAN_POINT('',(-0.0712342213748906,0.047,0.));
#4366=CARTESIAN_POINT('',(-0.0762342213748905,0.047,0.));
#4367=CARTESIAN_POINT('',(-0.0762342213748905,0.045,0.));
#4368=CARTESIAN_POINT('',(-0.0737342213748905,0.045,0.));
#4369=CARTESIAN_POINT('',(-0.0712342213748906,0.045,0.));
#4370=CARTESIAN_POINT('',(-0.0712342213748905,0.047,0.));
#4371=CARTESIAN_POINT('',(0.0512657786251095,-0.032,0.));
#4372=CARTESIAN_POINT('',(0.0537657786251095,-0.032,0.));
#4373=CARTESIAN_POINT('',(0.0487657786251095,-0.032,0.));
#4374=CARTESIAN_POINT('',(0.0537657786251095,-0.032,0.));
#4375=CARTESIAN_POINT('',(0.0537657786251095,-0.03,0.));
#4376=CARTESIAN_POINT('',(0.0512657786251095,-0.03,0.));
#4377=CARTESIAN_POINT('',(0.0487657786251095,-0.03,0.));
#4378=CARTESIAN_POINT('',(0.0487657786251095,-0.032,0.));
#4379=CARTESIAN_POINT('',(-0.0737342213748905,-0.014,0.));
#4380=CARTESIAN_POINT('',(-0.0762342213748906,-0.014,0.));
#4381=CARTESIAN_POINT('',(-0.0712342213748906,-0.014,0.));
#4382=CARTESIAN_POINT('',(-0.0762342213748905,-0.014,0.));
#4383=CARTESIAN_POINT('',(-0.0762342213748905,-0.016,0.));
#4384=CARTESIAN_POINT('',(-0.0737342213748905,-0.016,0.));
#4385=CARTESIAN_POINT('',(-0.0712342213748906,-0.016,0.));
#4386=CARTESIAN_POINT('',(-0.0712342213748905,-0.014,0.));
#4387=CARTESIAN_POINT('',(0.0512657786251095,-0.022,0.));
#4388=CARTESIAN_POINT('',(0.0537657786251095,-0.022,0.));
#4389=CARTESIAN_POINT('',(0.0487657786251095,-0.022,0.));
#4390=CARTESIAN_POINT('',(0.0537657786251095,-0.022,0.));
#4391=CARTESIAN_POINT('',(0.0537657786251095,-0.02,0.));
#4392=CARTESIAN_POINT('',(0.0512657786251095,-0.02,0.));
#4393=CARTESIAN_POINT('',(0.0487657786251095,-0.02,0.));
#4394=CARTESIAN_POINT('',(0.0487657786251095,-0.022,0.));
#4395=CARTESIAN_POINT('',(-0.0783005336667616,-0.0263569653967884,0.));
#4396=CARTESIAN_POINT('',(-0.048952715499352,-0.0553449816088744,0.));
#4397=CARTESIAN_POINT('',(-0.0777059979538144,-0.0269442121483958,0.));
#4398=CARTESIAN_POINT('',(-0.0777059979538144,0.0528329349971746,0.));
#4399=CARTESIAN_POINT('',(-0.0777059979538144,0.0508329349971746,0.));
#4400=CARTESIAN_POINT('',(-0.0589230966726305,0.0508329349971746,0.));
#4401=CARTESIAN_POINT('',(-0.0609230966726305,0.0508329349971746,0.));
#4402=CARTESIAN_POINT('',(-0.0609230966726305,0.0548329349971746,0.));
#4403=CARTESIAN_POINT('',(-0.0569230966726305,0.0548329349971746,0.));
#4404=CARTESIAN_POINT('',(-0.0569230966726305,0.0572150388366204,0.));
#4405=CARTESIAN_POINT('',(-0.0569230966726305,0.0564149486543889,0.));
#4406=CARTESIAN_POINT('',(-0.0480580952921517,0.0657217512132792,0.));
#4407=CARTESIAN_POINT('',(-0.0486492130819481,0.065101174145937,0.));
#4408=CARTESIAN_POINT('',(0.0349778343892667,0.065101174145937,0.));
#4409=CARTESIAN_POINT('',(0.034176709333454,0.065101174145937,0.));
#4410=CARTESIAN_POINT('',(0.0408716250690623,0.0587126720834787,0.));
#4411=CARTESIAN_POINT('',(0.0402920360537035,0.059265734402143,0.));
#4412=CARTESIAN_POINT('',(0.0430534641960464,0.0621596097648144,0.));
#4413=CARTESIAN_POINT('',(0.0430534641960464,0.0581596097648144,0.));
#4414=CARTESIAN_POINT('',(0.0669119852781296,0.0581596097648144,0.));
#4415=CARTESIAN_POINT('',(0.0649119852781296,0.0581596097648144,0.));
#4416=CARTESIAN_POINT('',(0.0649119852781296,-0.0123490007945187,0.));
#4417=CARTESIAN_POINT('',(0.0649119852781296,-0.0119467089028141,0.));
#4418=CARTESIAN_POINT('',(0.0689119852781296,-0.0119467089028141,0.));
#4419=CARTESIAN_POINT('',(0.0652230761689123,-0.0134933017981598,0.));
#4420=CARTESIAN_POINT('',(0.0710080026775735,-0.0272914177459146,0.));
#4421=CARTESIAN_POINT('',(0.0710080026775735,-0.0272914177459145,0.));
#4422=CARTESIAN_POINT('',(0.0523024680615165,-0.0351338031461269,0.));
#4423=CARTESIAN_POINT('',(0.0540078416818537,-0.0553449816088744,0.));
#4424=CARTESIAN_POINT('',(-0.0497739259203024,-0.0553449816088744,0.));
#4425=CARTESIAN_POINT('',(-0.0762342213748905,-0.026,0.));
#4426=CARTESIAN_POINT('',(-0.0762342213748905,-0.026,0.));
#4427=CARTESIAN_POINT('',(-0.0762342213748906,-0.024,0.));
#4428=CARTESIAN_POINT('',(-0.0737342213748905,-0.026,0.));
#4429=CARTESIAN_POINT('',(-0.0712342213748905,-0.026,0.));
#4430=CARTESIAN_POINT('',(-0.0712342213748905,-0.026,0.));
#4431=CARTESIAN_POINT('',(-0.0712342213748905,-0.024,0.));
#4432=CARTESIAN_POINT('',(-0.0737342213748905,-0.024,0.));
#4433=CARTESIAN_POINT('',(-0.0762342213748905,0.035,0.));
#4434=CARTESIAN_POINT('',(-0.0762342213748905,0.035,0.));
#4435=CARTESIAN_POINT('',(-0.0762342213748906,0.037,0.));
#4436=CARTESIAN_POINT('',(-0.0737342213748905,0.035,0.));
#4437=CARTESIAN_POINT('',(-0.0712342213748905,0.035,0.));
#4438=CARTESIAN_POINT('',(-0.0712342213748905,0.035,0.));
#4439=CARTESIAN_POINT('',(-0.0712342213748905,0.037,0.));
#4440=CARTESIAN_POINT('',(-0.0737342213748905,0.037,0.));
#4441=CARTESIAN_POINT('',(0.0537657786251095,0.041,0.));
#4442=CARTESIAN_POINT('',(0.0537657786251095,0.041,0.));
#4443=CARTESIAN_POINT('',(0.0537657786251095,0.039,0.));
#4444=CARTESIAN_POINT('',(0.0512657786251095,0.041,0.));
#4445=CARTESIAN_POINT('',(0.0487657786251095,0.041,0.));
#4446=CARTESIAN_POINT('',(0.0487657786251095,0.041,0.));
#4447=CARTESIAN_POINT('',(0.0487657786251095,0.039,0.));
#4448=CARTESIAN_POINT('',(0.0512657786251095,0.039,0.));
#4449=CARTESIAN_POINT('',(0.0537657786251095,0.031,0.));
#4450=CARTESIAN_POINT('',(0.0537657786251095,0.031,0.));
#4451=CARTESIAN_POINT('',(0.0537657786251095,0.029,0.));
#4452=CARTESIAN_POINT('',(0.0512657786251095,0.031,0.));
#4453=CARTESIAN_POINT('',(0.0487657786251095,0.031,0.));
#4454=CARTESIAN_POINT('',(0.0487657786251095,0.031,0.));
#4455=CARTESIAN_POINT('',(0.0487657786251095,0.029,0.));
#4456=CARTESIAN_POINT('',(0.0512657786251095,0.029,0.));
#4457=CARTESIAN_POINT('',(-0.00690214676830462,0.062101174145937,0.));
#4458=CARTESIAN_POINT('',(0.0329750217497349,0.062101174145937,0.));
#4459=CARTESIAN_POINT('',(0.0329750217497349,0.062101174145937,0.005));
#4460=CARTESIAN_POINT('',(0.0329750217497349,0.062101174145937,0.013));
#4461=CARTESIAN_POINT('',(-0.00690214676830462,0.062101174145937,0.013));
#4462=CARTESIAN_POINT('',(-0.0473636368258159,0.062101174145937,0.013));
#4463=CARTESIAN_POINT('',(-0.0473636368258159,0.062101174145937,0.));
#4464=CARTESIAN_POINT('',(-0.0473636368258159,0.062101174145937,0.005));
#4465=CARTESIAN_POINT('',(-0.00719430753804053,0.062101174145937,0.005));
#4466=CARTESIAN_POINT('',(-0.0612134489108703,-0.0390178501618913,0.));
#4467=CARTESIAN_POINT('',(-0.0747059979538144,-0.0256907187149081,0.));
#4468=CARTESIAN_POINT('',(-0.0747059979538144,-0.0256907187149081,0.005));
#4469=CARTESIAN_POINT('',(-0.0747059979538144,-0.0256907187149081,0.013));
#4470=CARTESIAN_POINT('',(-0.0612134489108703,-0.0390178501618913,0.013));
#4471=CARTESIAN_POINT('',(-0.0477208998679263,-0.0523449816088744,0.013));
#4472=CARTESIAN_POINT('',(-0.0477208998679263,-0.0523449816088744,0.));
#4473=CARTESIAN_POINT('',(-0.0477208998679263,-0.0523449816088744,0.005));
#4474=CARTESIAN_POINT('',(-0.0612134489108703,-0.0390178501618913,0.005));
#4475=CARTESIAN_POINT('',(-0.0747059979538144,0.0110711081411332,0.));
#4476=CARTESIAN_POINT('',(-0.0747059979538144,0.0110711081411332,0.013));
#4477=CARTESIAN_POINT('',(-0.0747059979538144,0.0110711081411332,0.005));
#4478=CARTESIAN_POINT('',(-0.0505891554477909,0.0587149067697301,0.));
#4479=CARTESIAN_POINT('',(-0.0505891554477909,0.0587149067697301,0.013));
#4480=CARTESIAN_POINT('',(-0.0539230966726305,0.0552148133810416,0.013));
#4481=CARTESIAN_POINT('',(-0.0539230966726305,0.0552148133810416,0.));
#4482=CARTESIAN_POINT('',(-0.0539230966726305,0.0552148133810416,0.005));
#4483=CARTESIAN_POINT('',(-0.0506433667492232,0.0586579937634893,0.005));
#4484=CARTESIAN_POINT('',(0.0523024680615165,-0.0351338031461269,0.));
#4485=CARTESIAN_POINT('',(0.0538764369591449,-0.0523449816088744,0.));
#4486=CARTESIAN_POINT('',(0.0538764369591449,-0.0523449816088744,0.005));
#4487=CARTESIAN_POINT('',(0.0538764369591449,-0.0523449816088744,0.013));
#4488=CARTESIAN_POINT('',(0.0523024680615165,-0.0351338031461269,0.013));
#4489=CARTESIAN_POINT('',(0.0682413208456605,-0.0284513624174237,0.013));
#4490=CARTESIAN_POINT('',(0.0682413208456605,-0.0284513624174237,0.));
#4491=CARTESIAN_POINT('',(0.0682413208456605,-0.0284513624174237,0.005));
#4492=CARTESIAN_POINT('',(0.0523024680615165,-0.0351338031461269,0.005));
#4493=CARTESIAN_POINT('',(-0.0505891554477909,0.0587149067697301,0.015));
#4494=CARTESIAN_POINT('',(0.0540900865651222,-0.0553449816088744,0.015));
#4495=CARTESIAN_POINT('',(-0.048952715499352,-0.0553449816088744,0.015));
#4496=CARTESIAN_POINT('',(0.0540078416818536,-0.0553449816088744,0.015));
#4497=CARTESIAN_POINT('',(0.0523024680615165,-0.0351338031461269,0.015));
#4498=CARTESIAN_POINT('',(0.0710080026775735,-0.0272914177459145,0.015));
#4499=CARTESIAN_POINT('',(0.0650675307235209,-0.0131222972421915,0.015));
#4500=CARTESIAN_POINT('',(0.0652230761689123,-0.0134933017981598,0.015));
#4501=CARTESIAN_POINT('',(0.0689119852781296,-0.0119467089028141,0.015));
#4502=CARTESIAN_POINT('',(0.0649119852781296,-0.0119467089028141,0.015));
#4503=CARTESIAN_POINT('',(0.0649119852781296,0.0601596097648144,0.015));
#4504=CARTESIAN_POINT('',(0.0649119852781296,0.0581596097648144,0.015));
#4505=CARTESIAN_POINT('',(0.0422523391402337,0.0581596097648144,0.015));
#4506=CARTESIAN_POINT('',(0.0430534641960464,0.0581596097648144,0.015));
#4507=CARTESIAN_POINT('',(0.0430534641960464,0.0621596097648144,0.015));
#4508=CARTESIAN_POINT('',(0.0402920360537035,0.059265734402143,0.015));
#4509=CARTESIAN_POINT('',(0.0335971203180952,0.0656542364646013,0.015));
#4510=CARTESIAN_POINT('',(0.034176709333454,0.065101174145937,0.015));
#4511=CARTESIAN_POINT('',(-0.0495062639193695,0.065101174145937,0.015));
#4512=CARTESIAN_POINT('',(-0.0486492130819481,0.065101174145937,0.015));
#4513=CARTESIAN_POINT('',(-0.0574749280454128,0.0558356159039626,0.015));
#4514=CARTESIAN_POINT('',(-0.0569230966726305,0.0564149486543889,0.015));
#4515=CARTESIAN_POINT('',(-0.0569230966726305,0.0528329349971746,0.015));
#4516=CARTESIAN_POINT('',(-0.0569230966726305,0.0548329349971746,0.015));
#4517=CARTESIAN_POINT('',(-0.0609230966726305,0.0548329349971746,0.015));
#4518=CARTESIAN_POINT('',(-0.0609230966726305,0.0508329349971746,0.015));
#4519=CARTESIAN_POINT('',(-0.0797059979538144,0.0508329349971746,0.015));
#4520=CARTESIAN_POINT('',(-0.0777059979538144,0.0508329349971746,0.015));
#4521=CARTESIAN_POINT('',(-0.0777059979538144,-0.0277798744373876,0.015));
#4522=CARTESIAN_POINT('',(-0.0777059979538144,-0.0269442121483958,0.015));
#4523=CARTESIAN_POINT('',(-0.0483684616332496,-0.0559220725682751,0.015));
#4524=CARTESIAN_POINT('',(0.0212394599015384,0.0888293993996012,0.015));
#4525=CARTESIAN_POINT('',(0.0639119852781296,-0.0129524386320755,0.015));
#4526=CARTESIAN_POINT('',(0.0700857754002692,-0.0276780659697509,0.015));
#4527=CARTESIAN_POINT('',(0.0523024680615165,-0.0351338031461269,0.015));
#4528=CARTESIAN_POINT('',(0.053965194383013,-0.0543449816088744,0.015));
#4529=CARTESIAN_POINT('',(-0.0505891554477909,-0.0543449816088744,0.015));
#4530=CARTESIAN_POINT('',(-0.0485421102888768,-0.0543449816088744,0.015));
#4531=CARTESIAN_POINT('',(-0.106103901489138,0.00251110653340677,0.015));
#4532=CARTESIAN_POINT('',(-0.0767059979538144,-0.0265263810039,0.015));
#4533=CARTESIAN_POINT('',(-0.0767059979538144,0.0587149067697301,0.015));
#4534=CARTESIAN_POINT('',(-0.0767059979538144,0.0498329349971746,0.015));
#4535=CARTESIAN_POINT('',(-0.0505891554477909,0.0498329349971746,0.015));
#4536=CARTESIAN_POINT('',(-0.0562856158126816,0.0498329349971746,0.015));
#4537=CARTESIAN_POINT('',(-0.0487830958904519,0.0567583439215941,0.015));
#4538=CARTESIAN_POINT('',(-0.0559230966726305,0.0501675683355471,0.015));
#4539=CARTESIAN_POINT('',(-0.0559230966726305,0.0587149067697301,0.015));
#4540=CARTESIAN_POINT('',(-0.0559230966726305,0.0560149035632731,0.015));
#4541=CARTESIAN_POINT('',(-0.0520373240750086,0.0600943297023878,0.015));
#4542=CARTESIAN_POINT('',(-0.0482206876632374,0.064101174145937,0.015));
#4543=CARTESIAN_POINT('',(-0.0505891554477909,0.064101174145937,0.015));
#4544=CARTESIAN_POINT('',(0.0337761468055476,0.064101174145937,0.015));
#4545=CARTESIAN_POINT('',(-0.00769107577885958,0.103670520119316,0.015));
#4546=CARTESIAN_POINT('',(0.0410506515565147,0.0571596097648144,0.015));
#4547=CARTESIAN_POINT('',(-0.0505891554477909,0.0571596097648144,0.015));
#4548=CARTESIAN_POINT('',(0.0639119852781296,0.0571596097648144,0.015));
#4549=CARTESIAN_POINT('',(0.0639119852781296,0.0587149067697301,0.015));
#4550=CARTESIAN_POINT('',(0.0366552440527812,0.0585893886803982,0.));
#4551=CARTESIAN_POINT('',(0.040249526500702,0.0551596097648144,0.));
#4552=CARTESIAN_POINT('',(0.040249526500702,0.0551596097648144,0.005));
#4553=CARTESIAN_POINT('',(0.040249526500702,0.0551596097648144,0.013));
#4554=CARTESIAN_POINT('',(0.0366552440527812,0.0585893886803982,0.013));
#4555=CARTESIAN_POINT('',(0.0366122741252185,0.0586303919553757,0.005));
#4556=CARTESIAN_POINT('',(0.0515129359039174,0.0551596097648144,0.));
#4557=CARTESIAN_POINT('',(0.0619119852781296,0.0551596097648144,0.));
#4558=CARTESIAN_POINT('',(0.0619119852781296,0.0551596097648144,0.005));
#4559=CARTESIAN_POINT('',(0.0619119852781296,0.0551596097648144,0.013));
#4560=CARTESIAN_POINT('',(0.0515129359039174,0.0551596097648144,0.013));
#4561=CARTESIAN_POINT('',(0.0510807558894157,0.0551596097648144,0.005));
#4562=CARTESIAN_POINT('',(0.0619119852781296,0.0214311375136734,0.));
#4563=CARTESIAN_POINT('',(0.0619119852781296,-0.0133547305237801,0.));
#4564=CARTESIAN_POINT('',(0.0619119852781296,-0.0133547305237801,0.005));
#4565=CARTESIAN_POINT('',(0.0619119852781296,-0.0133547305237801,0.013));
#4566=CARTESIAN_POINT('',(0.0619119852781296,0.0214311375136734,0.013));
#4567=CARTESIAN_POINT('',(0.0619119852781296,0.0209024396205171,0.005));
#4568=CARTESIAN_POINT('',(0.0656168059897704,-0.0221914107596183,0.));
#4569=CARTESIAN_POINT('',(0.0656168059897704,-0.0221914107596183,0.013));
#4570=CARTESIAN_POINT('',(0.0650766530618951,-0.0209030464706019,0.005));
#4571=CARTESIAN_POINT('',(0.0030777685456093,-0.0523449816088744,0.));
#4572=CARTESIAN_POINT('',(0.0030777685456093,-0.0523449816088744,0.013));
#4573=CARTESIAN_POINT('',(0.0030777685456093,-0.0523449816088744,0.005));
#4574=CARTESIAN_POINT('',(-0.0539230966726305,0.0522533598803568,0.));
#4575=CARTESIAN_POINT('',(-0.0539230966726305,0.0522533598803568,0.013));
#4576=CARTESIAN_POINT('',(-0.0539230966726305,0.0522533598803568,0.005));
#4577=CARTESIAN_POINT('',(-0.00690214676830462,0.067101174145937,0.));
#4578=CARTESIAN_POINT('',(0.034176709333454,0.067101174145937,0.));
#4579=CARTESIAN_POINT('',(0.034176709333454,0.067101174145937,0.013));
#4580=CARTESIAN_POINT('',(0.034176709333454,0.067101174145937,0.002));
#4581=CARTESIAN_POINT('',(-0.0495062639193695,0.067101174145937,0.002));
#4582=CARTESIAN_POINT('',(-0.0486492130819481,0.067101174145937,0.002));
#4583=CARTESIAN_POINT('',(-0.0486492130819481,0.067101174145937,0.));
#4584=CARTESIAN_POINT('',(-0.0486492130819481,0.067101174145937,0.013));
#4585=CARTESIAN_POINT('',(0.0349778343892667,0.067101174145937,0.013));
#4586=CARTESIAN_POINT('',(0.0401070292307098,0.0622067328837375,0.));
#4587=CARTESIAN_POINT('',(0.041672750124875,0.0607126720834787,0.));
#4588=CARTESIAN_POINT('',(0.041672750124875,0.0607126720834787,0.013));
#4589=CARTESIAN_POINT('',(0.041672750124875,0.0607126720834787,0.002));
#4590=CARTESIAN_POINT('',(0.0349778343892667,0.067101174145937,0.002));
#4591=CARTESIAN_POINT('',(0.0355574234046255,0.0665481118272727,0.002));
#4592=CARTESIAN_POINT('',(0.0355574234046255,0.0665481118272727,0.));
#4593=CARTESIAN_POINT('',(0.0355574234046255,0.0665481118272727,0.013));
#4594=CARTESIAN_POINT('',(0.0422523391402337,0.0601596097648144,0.013));
#4595=CARTESIAN_POINT('',(0.0515129359039174,0.0601596097648144,0.));
#4596=CARTESIAN_POINT('',(0.0649119852781296,0.0601596097648144,0.));
#4597=CARTESIAN_POINT('',(0.0649119852781296,0.0601596097648144,0.013));
#4598=CARTESIAN_POINT('',(0.0649119852781296,0.0601596097648144,0.002));
#4599=CARTESIAN_POINT('',(0.0422523391402337,0.0601596097648144,0.002));
#4600=CARTESIAN_POINT('',(0.0430534641960464,0.0601596097648144,0.002));
#4601=CARTESIAN_POINT('',(0.0430534641960464,0.0601596097648144,0.015));
#4602=CARTESIAN_POINT('',(0.0430534641960464,0.0601596097648144,0.013));
#4603=CARTESIAN_POINT('',(0.0669119852781296,0.0601596097648144,0.013));
#4604=CARTESIAN_POINT('',(0.0669119852781296,0.0214311375136734,0.));
#4605=CARTESIAN_POINT('',(0.0669119852781296,-0.0119467089028141,0.));
#4606=CARTESIAN_POINT('',(0.0669119852781296,-0.0119467089028141,0.013));
#4607=CARTESIAN_POINT('',(0.0669119852781296,-0.0119467089028141,0.002));
#4608=CARTESIAN_POINT('',(0.0669119852781296,0.0601596097648144,0.002));
#4609=CARTESIAN_POINT('',(0.0669119852781296,0.0581596097648144,0.002));
#4610=CARTESIAN_POINT('',(0.0669119852781296,0.0581596097648144,0.));
#4611=CARTESIAN_POINT('',(0.0669119852781296,0.0581596097648144,0.013));
#4612=CARTESIAN_POINT('',(0.0669119852781296,-0.0123490007945187,0.013));
#4613=CARTESIAN_POINT('',(0.0702279423762921,-0.0202581696404362,0.));
#4614=CARTESIAN_POINT('',(0.0728524572321822,-0.0265181212982417,0.));
#4615=CARTESIAN_POINT('',(0.0728524572321822,-0.0265181212982417,0.002));
#4616=CARTESIAN_POINT('',(0.0728524572321822,-0.0265181212982417,0.013));
#4617=CARTESIAN_POINT('',(0.0669119852781296,-0.0123490007945187,0.002));
#4618=CARTESIAN_POINT('',(0.0670675307235209,-0.012720005350487,0.002));
#4619=CARTESIAN_POINT('',(0.0670675307235209,-0.012720005350487,0.015));
#4620=CARTESIAN_POINT('',(0.0670675307235209,-0.012720005350487,0.013));
#4621=CARTESIAN_POINT('',(0.0728524572321822,-0.0265181212982417,0.013));
#4622=CARTESIAN_POINT('',(0.0523024680615165,-0.0351338031461269,0.));
#4623=CARTESIAN_POINT('',(0.0541759996204476,-0.0573378997977842,0.));
#4624=CARTESIAN_POINT('',(0.0541759996204476,-0.0573378997977842,0.013));
#4625=CARTESIAN_POINT('',(0.0541759996204476,-0.0573378997977842,0.002));
#4626=CARTESIAN_POINT('',(0.0523024680615165,-0.0351338031461269,0.002));
#4627=CARTESIAN_POINT('',(0.0523024680615165,-0.0351338031461269,0.013));
#4628=CARTESIAN_POINT('',(0.0030777685456093,-0.0573449816088744,0.));
#4629=CARTESIAN_POINT('',(-0.048952715499352,-0.0573449816088744,0.));
#4630=CARTESIAN_POINT('',(-0.048952715499352,-0.0573449816088744,0.013));
#4631=CARTESIAN_POINT('',(-0.048952715499352,-0.0573449816088744,0.002));
#4632=CARTESIAN_POINT('',(0.0540900865651222,-0.0573449816088744,0.002));
#4633=CARTESIAN_POINT('',(0.0540078416818533,-0.0573449816088744,0.002));
#4634=CARTESIAN_POINT('',(0.0540078416818533,-0.0573449816088744,0.));
#4635=CARTESIAN_POINT('',(0.0540078416818533,-0.0573449816088744,0.013));
#4636=CARTESIAN_POINT('',(-0.0497739259203024,-0.0573449816088744,0.013));
#4637=CARTESIAN_POINT('',(-0.0647271096285024,-0.0425751227633894,0.));
#4638=CARTESIAN_POINT('',(-0.0791114622408673,-0.0283671211889951,0.));
#4639=CARTESIAN_POINT('',(-0.0791114622408673,-0.0283671211889951,0.013));
#4640=CARTESIAN_POINT('',(-0.0791114622408673,-0.0283671211889951,0.002));
#4641=CARTESIAN_POINT('',(-0.0497739259203024,-0.0573449816088744,0.002));
#4642=CARTESIAN_POINT('',(-0.0503581797864048,-0.0567678906494736,0.002));
#4643=CARTESIAN_POINT('',(-0.0503581797864048,-0.0567678906494736,0.));
#4644=CARTESIAN_POINT('',(-0.0503581797864048,-0.0567678906494736,0.013));
#4645=CARTESIAN_POINT('',(-0.0797059979538144,-0.0277798744373876,0.013));
#4646=CARTESIAN_POINT('',(-0.0797059979538144,0.0110711081411332,0.));
#4647=CARTESIAN_POINT('',(-0.0797059979538144,0.0508329349971746,0.));
#4648=CARTESIAN_POINT('',(-0.0797059979538144,0.0508329349971746,0.013));
#4649=CARTESIAN_POINT('',(-0.0797059979538144,0.0508329349971746,0.002));
#4650=CARTESIAN_POINT('',(-0.0797059979538144,-0.0277798744373876,0.002));
#4651=CARTESIAN_POINT('',(-0.0797059979538144,-0.0269442121483958,0.002));
#4652=CARTESIAN_POINT('',(-0.0797059979538144,-0.0269442121483958,0.));
#4653=CARTESIAN_POINT('',(-0.0797059979538144,-0.0269442121483958,0.013));
#4654=CARTESIAN_POINT('',(-0.0797059979538144,0.0528329349971746,0.013));
#4655=CARTESIAN_POINT('',(-0.0589230966726305,0.0522533598803568,0.));
#4656=CARTESIAN_POINT('',(-0.0589230966726305,0.0548329349971746,0.015));
#4657=CARTESIAN_POINT('',(-0.0589230966726305,0.0548329349971746,0.002));
#4658=CARTESIAN_POINT('',(-0.0589230966726305,0.0548329349971746,0.00525));
#4659=CARTESIAN_POINT('',(-0.0589230966726305,0.0522533598803568,0.00525));
#4660=CARTESIAN_POINT('',(-0.0589230966726305,0.0564149486543889,0.00525));
#4661=CARTESIAN_POINT('',(-0.0589230966726305,0.0564149486543889,0.));
#4662=CARTESIAN_POINT('',(-0.0589230966726305,0.0564149486543889,0.002));
#4663=CARTESIAN_POINT('',(-0.0589230966726305,0.0528329349971746,0.002));
#4664=CARTESIAN_POINT('',(0.00804114202037454,-0.0433553233742714,0.005));
#4665=CARTESIAN_POINT('',(0.00804114202037454,-0.0433553233742714,0.001));
#4666=CARTESIAN_POINT('',(0.0103911420203745,-0.0433553233742714,0.001));
#4667=CARTESIAN_POINT('',(0.00804114202037454,-0.0433553233742714,0.005));
#4668=CARTESIAN_POINT('',(0.0103911420203745,-0.0433553233742714,0.005));
#4669=CARTESIAN_POINT('',(0.00798335298895836,-0.019359728321433,0.005));
#4670=CARTESIAN_POINT('',(0.00798335298895836,-0.019359728321433,0.001));
#4671=CARTESIAN_POINT('',(0.0103333529889584,-0.019359728321433,0.001));
#4672=CARTESIAN_POINT('',(0.00798335298895836,-0.019359728321433,0.005));
#4673=CARTESIAN_POINT('',(0.0103333529889584,-0.019359728321433,0.005));
#4674=CARTESIAN_POINT('',(0.0380220947959936,-0.0193688424482162,0.005));
#4675=CARTESIAN_POINT('',(0.0380220947959936,-0.0193688424482162,0.001));
#4676=CARTESIAN_POINT('',(0.0403720947959936,-0.0193688424482162,0.001));
#4677=CARTESIAN_POINT('',(0.0380220947959936,-0.0193688424482162,0.005));
#4678=CARTESIAN_POINT('',(0.0403720947959936,-0.0193688424482162,0.005));
#4679=CARTESIAN_POINT('',(0.0604119852781296,-0.019359728321433,0.005));
#4680=CARTESIAN_POINT('',(0.0604119852781296,-0.019359728321433,0.001));
#4681=CARTESIAN_POINT('',(0.0627619852781296,-0.019359728321433,0.001));
#4682=CARTESIAN_POINT('',(0.0604119852781296,-0.019359728321433,0.005));
#4683=CARTESIAN_POINT('',(0.0627619852781296,-0.019359728321433,0.005));
#4684=CARTESIAN_POINT('',(-0.0440036368258159,-0.0433553233742714,0.005));
#4685=CARTESIAN_POINT('',(-0.0440036368258159,-0.0433553233742714,0.001));
#4686=CARTESIAN_POINT('',(-0.041653636825816,-0.0433553233742714,0.001));
#4687=CARTESIAN_POINT('',(-0.0440036368258159,-0.0433553233742714,0.005));
#4688=CARTESIAN_POINT('',(-0.041653636825816,-0.0433553233742714,0.005));
#4689=CARTESIAN_POINT('',(-0.0449952452397347,0.0436502812850919,0.005));
#4690=CARTESIAN_POINT('',(-0.0449952452397347,0.0436502812850919,0.001));
#4691=CARTESIAN_POINT('',(-0.0426452452397347,0.0436502812850919,0.001));
#4692=CARTESIAN_POINT('',(-0.0449952452397347,0.0436502812850919,0.005));
#4693=CARTESIAN_POINT('',(-0.0426452452397347,0.0436502812850919,0.005));
#4694=CARTESIAN_POINT('',(0.021434327902471,0.056653756858807,0.005));
#4695=CARTESIAN_POINT('',(0.021434327902471,0.056653756858807,0.001));
#4696=CARTESIAN_POINT('',(0.023784327902471,0.056653756858807,0.001));
#4697=CARTESIAN_POINT('',(0.021434327902471,0.056653756858807,0.005));
#4698=CARTESIAN_POINT('',(0.023784327902471,0.056653756858807,0.005));
#4699=CARTESIAN_POINT('',(0.0189235422208358,-0.0133487033982747,0.005));
#4700=CARTESIAN_POINT('',(0.0387263151595384,0.0607597952024018,0.013));
#4701=CARTESIAN_POINT('',(0.034176709333454,0.065101174145937,0.013));
#4702=CARTESIAN_POINT('',(0.0402920360537035,0.059265734402143,0.013));
#4703=CARTESIAN_POINT('',(0.034176709333454,0.065101174145937,0.013));
#4704=CARTESIAN_POINT('',(0.034176709333454,0.065101174145937,0.013));
#4705=CARTESIAN_POINT('',(0.034176709333454,0.065101174145937,0.013));
#4706=CARTESIAN_POINT('',(0.0430534641960464,0.0621596097648144,0.013));
#4707=CARTESIAN_POINT('',(0.0430534641960464,0.0581596097648144,0.013));
#4708=CARTESIAN_POINT('',(0.0430534641960464,0.0621596097648144,0.013));
#4709=CARTESIAN_POINT('',(0.034176709333454,0.065101174145937,0.));
#4710=CARTESIAN_POINT('',(0.034176709333454,0.065101174145937,0.002));
#4711=CARTESIAN_POINT('',(-0.00690214676830462,0.065101174145937,0.013));
#4712=CARTESIAN_POINT('',(-0.0486492130819481,0.065101174145937,0.013));
#4713=CARTESIAN_POINT('',(0.0515129359039174,0.0581596097648144,0.013));
#4714=CARTESIAN_POINT('',(0.0649119852781296,0.0581596097648144,0.013));
#4715=CARTESIAN_POINT('',(0.0430534641960464,0.0621596097648144,0.));
#4716=CARTESIAN_POINT('',(0.0430534641960464,0.0621596097648144,0.002));
#4717=CARTESIAN_POINT('',(0.0387263151595384,0.0607597952024018,0.002));
#4718=CARTESIAN_POINT('',(0.034176709333454,0.065101174145937,0.002));
#4719=CARTESIAN_POINT('',(0.0402920360537035,0.059265734402143,0.002));
#4720=CARTESIAN_POINT('',(0.034176709333454,0.065101174145937,0.002));
#4721=CARTESIAN_POINT('',(0.034176709333454,0.065101174145937,0.002));
#4722=CARTESIAN_POINT('',(-0.0486492130819481,0.065101174145937,0.013));
#4723=CARTESIAN_POINT('',(-0.0486492130819481,0.065101174145937,0.013));
#4724=CARTESIAN_POINT('',(-0.0486492130819481,0.065101174145937,0.013));
#4725=CARTESIAN_POINT('',(0.0649119852781296,0.0581596097648144,0.013));
#4726=CARTESIAN_POINT('',(0.0649119852781296,0.0581596097648144,0.013));
#4727=CARTESIAN_POINT('',(0.0649119852781296,0.0581596097648144,0.013));
#4728=CARTESIAN_POINT('',(0.0430534641960464,0.0621596097648144,0.002));
#4729=CARTESIAN_POINT('',(0.0430534641960464,0.0581596097648144,0.002));
#4730=CARTESIAN_POINT('',(0.0366552440527812,0.065101174145937,0.002));
#4731=CARTESIAN_POINT('',(-0.0486492130819481,0.065101174145937,0.002));
#4732=CARTESIAN_POINT('',(-0.0486492130819481,0.065101174145937,0.));
#4733=CARTESIAN_POINT('',(-0.0486492130819481,0.065101174145937,0.002));
#4734=CARTESIAN_POINT('',(-0.0527614083886175,0.0607840411687167,0.013));
#4735=CARTESIAN_POINT('',(-0.0569230966726305,0.0564149486543889,0.013));
#4736=CARTESIAN_POINT('',(0.0649119852781296,0.0214311375136734,0.013));
#4737=CARTESIAN_POINT('',(0.0649119852781296,-0.0119467089028141,0.013));
#4738=CARTESIAN_POINT('',(0.0649119852781296,0.0581596097648144,0.));
#4739=CARTESIAN_POINT('',(0.0649119852781296,0.0581596097648144,0.002));
#4740=CARTESIAN_POINT('',(0.0366552440527812,0.0581596097648144,0.002));
#4741=CARTESIAN_POINT('',(0.0649119852781296,0.0581596097648144,0.002));
#4742=CARTESIAN_POINT('',(-0.0486492130819481,0.065101174145937,0.002));
#4743=CARTESIAN_POINT('',(-0.0486492130819481,0.065101174145937,0.002));
#4744=CARTESIAN_POINT('',(-0.0569230966726305,0.0564149486543889,0.013));
#4745=CARTESIAN_POINT('',(-0.0569230966726305,0.0564149486543889,0.013));
#4746=CARTESIAN_POINT('',(0.0689119852781296,-0.0119467089028141,0.013));
#4747=CARTESIAN_POINT('',(0.0652230761689123,-0.0134933017981598,0.013));
#4748=CARTESIAN_POINT('',(0.0689119852781296,-0.0119467089028141,0.013));
#4749=CARTESIAN_POINT('',(0.0649119852781296,0.0581596097648144,0.002));
#4750=CARTESIAN_POINT('',(0.0649119852781296,0.0581596097648144,0.002));
#4751=CARTESIAN_POINT('',(-0.0113217660851517,0.104288892716587,0.002));
#4752=CARTESIAN_POINT('',(-0.0569230966726305,0.0564149486543889,0.002));
#4753=CARTESIAN_POINT('',(-0.0569230966726305,0.0564149486543889,0.));
#4754=CARTESIAN_POINT('',(-0.0569230966726305,0.0564149486543889,0.00525));
#4755=CARTESIAN_POINT('',(-0.0569230966726305,0.0564149486543889,0.002));
#4756=CARTESIAN_POINT('',(-0.0569230966726305,0.0522533598803568,0.013));
#4757=CARTESIAN_POINT('',(-0.0569230966726305,0.0548329349971746,0.013));
#4758=CARTESIAN_POINT('',(0.0683834878216834,-0.021031466088109,0.013));
#4759=CARTESIAN_POINT('',(0.0710080026775735,-0.0272914177459145,0.013));
#4760=CARTESIAN_POINT('',(0.0689119852781296,-0.0119467089028141,0.));
#4761=CARTESIAN_POINT('',(0.0689119852781296,-0.0119467089028141,0.002));
#4762=CARTESIAN_POINT('',(0.0649119852781296,0.0585893886803982,0.002));
#4763=CARTESIAN_POINT('',(0.0649119852781296,-0.0119467089028141,0.002));
#4764=CARTESIAN_POINT('',(-0.0569230966726305,0.0564149486543889,0.002));
#4765=CARTESIAN_POINT('',(-0.0569230966726305,0.0564149486543889,0.002));
#4766=CARTESIAN_POINT('',(-0.0609230966726305,0.0548329349971746,0.013));
#4767=CARTESIAN_POINT('',(-0.0609230966726305,0.0508329349971746,0.013));
#4768=CARTESIAN_POINT('',(0.0523024680615165,-0.0351338031461269,0.013));
#4769=CARTESIAN_POINT('',(0.0540078416818533,-0.0553449816088744,0.013));
#4770=CARTESIAN_POINT('',(0.0689119852781296,-0.0119467089028141,0.002));
#4771=CARTESIAN_POINT('',(0.0652230761689123,-0.0134933017981598,0.002));
#4772=CARTESIAN_POINT('',(-0.0569230966726305,0.0585893886803982,0.002));
#4773=CARTESIAN_POINT('',(-0.0569230966726305,0.0548329349971746,0.002));
#4774=CARTESIAN_POINT('',(-0.0609230966726305,0.0548329349971746,0.));
#4775=CARTESIAN_POINT('',(-0.0609230966726305,0.0548329349971746,0.00525));
#4776=CARTESIAN_POINT('',(-0.0609230966726305,0.0548329349971746,0.002));
#4777=CARTESIAN_POINT('',(-0.0651048228032772,0.0508329349971746,0.013));
#4778=CARTESIAN_POINT('',(-0.0777059979538144,0.0508329349971746,0.013));
#4779=CARTESIAN_POINT('',(0.0540078416818533,-0.0553449816088744,0.013));
#4780=CARTESIAN_POINT('',(0.0540078416818533,-0.0553449816088744,0.013));
#4781=CARTESIAN_POINT('',(0.0540078416818536,-0.0553449816088744,0.013));
#4782=CARTESIAN_POINT('',(0.0352492069280754,0.0579999008499096,0.002));
#4783=CARTESIAN_POINT('',(0.0710080026775735,-0.0272914177459145,0.002));
#4784=CARTESIAN_POINT('',(-0.0609230966726305,0.0548329349971746,0.002));
#4785=CARTESIAN_POINT('',(-0.0609230966726305,0.0508329349971746,0.002));
#4786=CARTESIAN_POINT('',(-0.0777059979538144,0.0508329349971746,0.013));
#4787=CARTESIAN_POINT('',(-0.0777059979538144,0.0508329349971746,0.013));
#4788=CARTESIAN_POINT('',(-0.0777059979538144,0.0508329349971746,0.013));
#4789=CARTESIAN_POINT('',(0.0030777685456093,-0.0553449816088744,0.013));
#4790=CARTESIAN_POINT('',(-0.048952715499352,-0.0553449816088744,0.013));
#4791=CARTESIAN_POINT('',(0.0540078416818533,-0.0553449816088744,0.));
#4792=CARTESIAN_POINT('',(0.0540078416818533,-0.0553449816088744,0.002));
#4793=CARTESIAN_POINT('',(0.0523024680615165,-0.0351338031461269,0.002));
#4794=CARTESIAN_POINT('',(0.0540078416818537,-0.0553449816088743,0.002));
#4795=CARTESIAN_POINT('',(0.0366552440527812,0.0508329349971746,0.002));
#4796=CARTESIAN_POINT('',(-0.0777059979538144,0.0508329349971746,0.002));
#4797=CARTESIAN_POINT('',(-0.0777059979538144,0.0508329349971746,0.));
#4798=CARTESIAN_POINT('',(-0.0777059979538144,0.0508329349971746,0.002));
#4799=CARTESIAN_POINT('',(-0.0777059979538144,0.0110711081411332,0.013));
#4800=CARTESIAN_POINT('',(-0.0777059979538144,-0.0269442121483958,0.013));
#4801=CARTESIAN_POINT('',(-0.0633216453414496,-0.0411522137227901,0.013));
#4802=CARTESIAN_POINT('',(-0.048952715499352,-0.0553449816088744,0.013));
#4803=CARTESIAN_POINT('',(-0.0777059979538144,-0.0269442121483958,0.013));
#4804=CARTESIAN_POINT('',(-0.048952715499352,-0.0553449816088744,0.013));
#4805=CARTESIAN_POINT('',(-0.048952715499352,-0.0553449816088744,0.013));
#4806=CARTESIAN_POINT('',(0.0540078416818533,-0.0553449816088744,0.002));
#4807=CARTESIAN_POINT('',(0.0540078416818533,-0.0553449816088744,0.002));
#4808=CARTESIAN_POINT('',(-0.0777059979538144,0.0508329349971746,0.002));
#4809=CARTESIAN_POINT('',(-0.0777059979538144,0.0508329349971746,0.002));
#4810=CARTESIAN_POINT('',(-0.0777059979538144,-0.0269442121483958,0.013));
#4811=CARTESIAN_POINT('',(-0.0777059979538144,-0.0269442121483958,0.013));
#4812=CARTESIAN_POINT('',(-0.048952715499352,-0.0553449816088744,0.));
#4813=CARTESIAN_POINT('',(-0.048952715499352,-0.0553449816088744,0.002));
#4814=CARTESIAN_POINT('',(0.0366552440527812,-0.0553449816088744,0.002));
#4815=CARTESIAN_POINT('',(-0.048952715499352,-0.0553449816088744,0.002));
#4816=CARTESIAN_POINT('',(-0.0777059979538144,0.0585893886803982,0.002));
#4817=CARTESIAN_POINT('',(-0.0777059979538144,-0.0269442121483958,0.002));
#4818=CARTESIAN_POINT('',(-0.0777059979538144,-0.0269442121483958,0.));
#4819=CARTESIAN_POINT('',(-0.0777059979538144,-0.0269442121483958,0.002));
#4820=CARTESIAN_POINT('',(-0.048952715499352,-0.0553449816088744,0.002));
#4821=CARTESIAN_POINT('',(-0.048952715499352,-0.0553449816088744,0.002));
#4822=CARTESIAN_POINT('',(-0.0777059979538144,-0.0269442121483958,0.002));
#4823=CARTESIAN_POINT('',(-0.0777059979538144,-0.0269442121483958,0.002));
#4824=CARTESIAN_POINT('',(-0.0625835967725065,-0.0418812138740037,0.002));
#4825=CARTESIAN_POINT('',(-0.0520373240750086,0.0600943297023878,0.013));
#4826=CARTESIAN_POINT('',(-0.0482206876632374,0.064101174145937,0.013));
#4827=CARTESIAN_POINT('',(-0.0559230966726305,0.0560149035632731,0.013));
#4828=CARTESIAN_POINT('',(-0.0559230966726305,0.0587149067697301,0.013));
#4829=CARTESIAN_POINT('',(-0.0559230966726305,0.0501675683355471,0.013));
#4830=CARTESIAN_POINT('',(-0.0505891554477909,0.064101174145937,0.013));
#4831=CARTESIAN_POINT('',(0.0337761468055476,0.064101174145937,0.013));
#4832=CARTESIAN_POINT('',(-0.0487830958904519,0.0567583439215941,0.013));
#4833=CARTESIAN_POINT('',(-0.0562856158126816,0.0498329349971746,0.013));
#4834=CARTESIAN_POINT('',(-0.00769107577885959,0.103670520119316,0.013));
#4835=CARTESIAN_POINT('',(0.0410506515565147,0.0571596097648144,0.013));
#4836=CARTESIAN_POINT('',(-0.0505891554477909,0.0498329349971746,0.013));
#4837=CARTESIAN_POINT('',(-0.0767059979538144,0.0498329349971746,0.013));
#4838=CARTESIAN_POINT('',(-0.0505891554477909,0.0571596097648144,0.013));
#4839=CARTESIAN_POINT('',(0.0639119852781296,0.0571596097648144,0.013));
#4840=CARTESIAN_POINT('',(-0.0767059979538144,0.0587149067697301,0.013));
#4841=CARTESIAN_POINT('',(-0.0767059979538144,-0.0265263810039,0.013));
#4842=CARTESIAN_POINT('',(0.0639119852781296,0.0587149067697301,0.013));
#4843=CARTESIAN_POINT('',(0.0639119852781296,-0.0129524386320755,0.013));
#4844=CARTESIAN_POINT('',(-0.106103901489138,0.00251110653340677,0.013));
#4845=CARTESIAN_POINT('',(-0.0485421102888767,-0.0543449816088744,0.013));
#4846=CARTESIAN_POINT('',(0.0212394599015384,0.0888293993996012,0.013));
#4847=CARTESIAN_POINT('',(0.0700857754002692,-0.0276780659697509,0.013));
#4848=CARTESIAN_POINT('',(-0.0505891554477909,-0.0543449816088744,0.013));
#4849=CARTESIAN_POINT('',(0.0538764369591449,-0.0523449816088744,0.013));
#4850=CARTESIAN_POINT('',(0.0538764369591449,-0.0523449816088744,0.0135284920672637));
#4851=CARTESIAN_POINT('',(0.0538963043578769,-0.0527765348061354,0.0145639029141124));
#4852=CARTESIAN_POINT('',(0.0539427021607195,-0.0538244646655684,0.015));
#4853=CARTESIAN_POINT('',(0.053965194383012,-0.0543449816088744,0.015));
#4854=CARTESIAN_POINT('',(0.0523024680615165,-0.0351338031461269,0.013));
#4855=CARTESIAN_POINT('',(0.0189235422208358,-0.0133487033982747,0.001));
#4856=CARTESIAN_POINT('',(0.0189235422208358,-0.0133487033982747,0.001));
#4857=CARTESIAN_POINT('',(0.0189235422208358,-0.0133487033982747,0.001));
#4858=CARTESIAN_POINT('',(0.0189235422208358,-0.0133487033982747,0.001));
#4859=CARTESIAN_POINT('',(0.0189235422208358,-0.0133487033982747,0.001));
#4860=CARTESIAN_POINT('',(0.0189235422208358,-0.0133487033982747,0.001));
#4861=CARTESIAN_POINT('',(0.0189235422208358,-0.0133487033982747,0.001));
#4862=CARTESIAN_POINT('',(0.0537657786251095,-0.022,-0.004));
#4863=CARTESIAN_POINT('',(0.0537657786251095,-0.022,-0.004));
#4864=CARTESIAN_POINT('',(0.0537657786251095,-0.022,-0.006));
#4865=CARTESIAN_POINT('',(0.0537657786251095,-0.022,-0.006));
#4866=CARTESIAN_POINT('',(0.0537657786251095,-0.02,-0.006));
#4867=CARTESIAN_POINT('',(0.0537657786251095,-0.02,-0.004));
#4868=CARTESIAN_POINT('',(0.0487657786251095,-0.022,-0.004));
#4869=CARTESIAN_POINT('',(0.0487657786251095,-0.02,-0.004));
#4870=CARTESIAN_POINT('',(0.0487657786251095,-0.02,-0.006));
#4871=CARTESIAN_POINT('',(0.0487657786251095,-0.022,-0.006));
#4872=CARTESIAN_POINT('',(0.0487657786251095,-0.022,-0.006));
#4873=CARTESIAN_POINT('',(0.0487657786251095,-0.022,-0.004));
#4874=CARTESIAN_POINT('',(0.0512657786251095,-0.022,-0.008));
#4875=CARTESIAN_POINT('',(0.0512657786251095,-0.02,-0.008));
#4876=CARTESIAN_POINT('',(0.0517657786251095,-0.02,-0.008));
#4877=CARTESIAN_POINT('',(0.0507657786251095,-0.02,-0.008));
#4878=CARTESIAN_POINT('',(0.0517657786251095,-0.022,-0.008));
#4879=CARTESIAN_POINT('',(0.0517657786251095,-0.022,-0.008));
#4880=CARTESIAN_POINT('',(0.0512657786251095,-0.022,-0.008));
#4881=CARTESIAN_POINT('',(0.0507657786251095,-0.022,-0.008));
#4882=CARTESIAN_POINT('',(0.0507657786251095,-0.02,-0.008));
#4883=CARTESIAN_POINT('',(0.0512657786251095,-0.022,-0.0055));
#4884=CARTESIAN_POINT('',(0.0512657786251095,-0.022,-0.0055));
#4885=CARTESIAN_POINT('',(0.0512657786251095,-0.022,-0.007));
#4886=CARTESIAN_POINT('',(0.0512657786251095,-0.02,-0.0055));
#4887=CARTESIAN_POINT('',(0.0512657786251095,-0.02,-0.007));
#4888=CARTESIAN_POINT('',(0.0512657786251095,-0.022,-0.004));
#4889=CARTESIAN_POINT('',(0.0517657786251095,-0.022,-0.006));
#4890=CARTESIAN_POINT('',(0.0507657786251095,-0.022,-0.006));
#4891=CARTESIAN_POINT('',(0.0512657786251095,-0.02,-0.004));
#4892=CARTESIAN_POINT('',(0.0517657786251095,-0.02,-0.006));
#4893=CARTESIAN_POINT('',(0.0507657786251095,-0.02,-0.006));
#4894=CARTESIAN_POINT('',(0.0517657786251095,-0.022,-0.006));
#4895=CARTESIAN_POINT('',(0.0507657786251095,-0.022,-0.006));
#4896=CARTESIAN_POINT('',(-0.0762342213748905,-0.014,-0.004));
#4897=CARTESIAN_POINT('',(-0.0762342213748905,-0.014,-0.004));
#4898=CARTESIAN_POINT('',(-0.0762342213748905,-0.014,-0.006));
#4899=CARTESIAN_POINT('',(-0.0762342213748905,-0.014,-0.006));
#4900=CARTESIAN_POINT('',(-0.0762342213748905,-0.016,-0.006));
#4901=CARTESIAN_POINT('',(-0.0762342213748905,-0.016,-0.004));
#4902=CARTESIAN_POINT('',(-0.0737342213748905,-0.014,-0.008));
#4903=CARTESIAN_POINT('',(-0.0737342213748905,-0.016,-0.008));
#4904=CARTESIAN_POINT('',(-0.0742342213748905,-0.016,-0.008));
#4905=CARTESIAN_POINT('',(-0.0732342213748905,-0.016,-0.008));
#4906=CARTESIAN_POINT('',(-0.0742342213748905,-0.014,-0.008));
#4907=CARTESIAN_POINT('',(-0.0742342213748905,-0.014,-0.008));
#4908=CARTESIAN_POINT('',(-0.0737342213748905,-0.014,-0.008));
#4909=CARTESIAN_POINT('',(-0.0732342213748905,-0.014,-0.008));
#4910=CARTESIAN_POINT('',(-0.0732342213748905,-0.016,-0.008));
#4911=CARTESIAN_POINT('',(-0.0737342213748905,-0.014,-0.0055));
#4912=CARTESIAN_POINT('',(-0.0737342213748905,-0.014,-0.0055));
#4913=CARTESIAN_POINT('',(-0.0737342213748905,-0.014,-0.007));
#4914=CARTESIAN_POINT('',(-0.0737342213748905,-0.016,-0.0055));
#4915=CARTESIAN_POINT('',(-0.0737342213748905,-0.016,-0.007));
#4916=CARTESIAN_POINT('',(-0.0712342213748905,-0.014,-0.004));
#4917=CARTESIAN_POINT('',(-0.0712342213748905,-0.016,-0.004));
#4918=CARTESIAN_POINT('',(-0.0712342213748905,-0.016,-0.006));
#4919=CARTESIAN_POINT('',(-0.0712342213748905,-0.014,-0.006));
#4920=CARTESIAN_POINT('',(-0.0712342213748905,-0.014,-0.006));
#4921=CARTESIAN_POINT('',(-0.0712342213748905,-0.014,-0.004));
#4922=CARTESIAN_POINT('',(-0.0737342213748905,-0.014,-0.004));
#4923=CARTESIAN_POINT('',(-0.0742342213748905,-0.014,-0.006));
#4924=CARTESIAN_POINT('',(-0.0732342213748905,-0.014,-0.006));
#4925=CARTESIAN_POINT('',(-0.0737342213748905,-0.016,-0.004));
#4926=CARTESIAN_POINT('',(-0.0742342213748905,-0.016,-0.006));
#4927=CARTESIAN_POINT('',(-0.0732342213748905,-0.016,-0.006));
#4928=CARTESIAN_POINT('',(-0.0742342213748905,-0.014,-0.006));
#4929=CARTESIAN_POINT('',(-0.0732342213748905,-0.014,-0.006));
#4930=CARTESIAN_POINT('',(0.0537657786251095,-0.032,-0.004));
#4931=CARTESIAN_POINT('',(0.0537657786251095,-0.032,-0.004));
#4932=CARTESIAN_POINT('',(0.0537657786251095,-0.032,-0.006));
#4933=CARTESIAN_POINT('',(0.0537657786251095,-0.032,-0.006));
#4934=CARTESIAN_POINT('',(0.0537657786251095,-0.03,-0.006));
#4935=CARTESIAN_POINT('',(0.0537657786251095,-0.03,-0.004));
#4936=CARTESIAN_POINT('',(0.0487657786251095,-0.032,-0.004));
#4937=CARTESIAN_POINT('',(0.0487657786251095,-0.03,-0.004));
#4938=CARTESIAN_POINT('',(0.0487657786251095,-0.03,-0.006));
#4939=CARTESIAN_POINT('',(0.0487657786251095,-0.032,-0.006));
#4940=CARTESIAN_POINT('',(0.0487657786251095,-0.032,-0.006));
#4941=CARTESIAN_POINT('',(0.0487657786251095,-0.032,-0.004));
#4942=CARTESIAN_POINT('',(0.0512657786251095,-0.032,-0.008));
#4943=CARTESIAN_POINT('',(0.0512657786251095,-0.032,-0.008));
#4944=CARTESIAN_POINT('',(0.0517657786251095,-0.032,-0.008));
#4945=CARTESIAN_POINT('',(0.0507657786251095,-0.032,-0.008));
#4946=CARTESIAN_POINT('',(0.0507657786251095,-0.03,-0.008));
#4947=CARTESIAN_POINT('',(0.0507657786251095,-0.03,-0.008));
#4948=CARTESIAN_POINT('',(0.0512657786251095,-0.03,-0.008));
#4949=CARTESIAN_POINT('',(0.0517657786251095,-0.03,-0.008));
#4950=CARTESIAN_POINT('',(0.0517657786251095,-0.032,-0.008));
#4951=CARTESIAN_POINT('',(0.0512657786251095,-0.032,-0.0055));
#4952=CARTESIAN_POINT('',(0.0512657786251095,-0.032,-0.0055));
#4953=CARTESIAN_POINT('',(0.0512657786251095,-0.032,-0.007));
#4954=CARTESIAN_POINT('',(0.0512657786251095,-0.03,-0.0055));
#4955=CARTESIAN_POINT('',(0.0512657786251095,-0.03,-0.007));
#4956=CARTESIAN_POINT('',(0.0512657786251095,-0.032,-0.004));
#4957=CARTESIAN_POINT('',(0.0507657786251095,-0.032,-0.006));
#4958=CARTESIAN_POINT('',(0.0517657786251095,-0.032,-0.006));
#4959=CARTESIAN_POINT('',(0.0512657786251095,-0.03,-0.004));
#4960=CARTESIAN_POINT('',(0.0507657786251095,-0.03,-0.006));
#4961=CARTESIAN_POINT('',(0.0517657786251095,-0.03,-0.006));
#4962=CARTESIAN_POINT('',(-0.0762342213748905,-0.026,-0.004));
#4963=CARTESIAN_POINT('',(-0.0762342213748905,-0.024,-0.004));
#4964=CARTESIAN_POINT('',(-0.0762342213748905,-0.024,-0.006));
#4965=CARTESIAN_POINT('',(-0.0762342213748905,-0.026,-0.006));
#4966=CARTESIAN_POINT('',(-0.0762342213748905,-0.026,-0.006));
#4967=CARTESIAN_POINT('',(-0.0762342213748905,-0.026,-0.004));
#4968=CARTESIAN_POINT('',(-0.0737342213748905,-0.026,-0.008));
#4969=CARTESIAN_POINT('',(-0.0737342213748905,-0.024,-0.008));
#4970=CARTESIAN_POINT('',(-0.0742342213748905,-0.024,-0.008));
#4971=CARTESIAN_POINT('',(-0.0732342213748905,-0.024,-0.008));
#4972=CARTESIAN_POINT('',(-0.0732342213748905,-0.026,-0.008));
#4973=CARTESIAN_POINT('',(-0.0732342213748905,-0.026,-0.008));
#4974=CARTESIAN_POINT('',(-0.0737342213748905,-0.026,-0.008));
#4975=CARTESIAN_POINT('',(-0.0742342213748905,-0.026,-0.008));
#4976=CARTESIAN_POINT('',(-0.0742342213748905,-0.026,-0.008));
#4977=CARTESIAN_POINT('',(-0.0737342213748905,-0.026,-0.0055));
#4978=CARTESIAN_POINT('',(-0.0737342213748905,-0.026,-0.0055));
#4979=CARTESIAN_POINT('',(-0.0737342213748905,-0.026,-0.007));
#4980=CARTESIAN_POINT('',(-0.0737342213748905,-0.024,-0.0055));
#4981=CARTESIAN_POINT('',(-0.0737342213748905,-0.024,-0.007));
#4982=CARTESIAN_POINT('',(-0.0712342213748905,-0.026,-0.004));
#4983=CARTESIAN_POINT('',(-0.0712342213748905,-0.026,-0.004));
#4984=CARTESIAN_POINT('',(-0.0712342213748905,-0.026,-0.006));
#4985=CARTESIAN_POINT('',(-0.0712342213748905,-0.024,-0.006));
#4986=CARTESIAN_POINT('',(-0.0712342213748905,-0.024,-0.006));
#4987=CARTESIAN_POINT('',(-0.0712342213748905,-0.024,-0.004));
#4988=CARTESIAN_POINT('',(-0.0737342213748905,-0.026,-0.004));
#4989=CARTESIAN_POINT('',(-0.0732342213748905,-0.026,-0.006));
#4990=CARTESIAN_POINT('',(-0.0742342213748905,-0.026,-0.006));
#4991=CARTESIAN_POINT('',(-0.0737342213748905,-0.024,-0.004));
#4992=CARTESIAN_POINT('',(-0.0732342213748905,-0.024,-0.006));
#4993=CARTESIAN_POINT('',(-0.0742342213748905,-0.024,-0.006));
#4994=CARTESIAN_POINT('',(-0.0732342213748905,-0.026,-0.006));
#4995=CARTESIAN_POINT('',(-0.0742342213748905,-0.026,-0.006));
#4996=CARTESIAN_POINT('',(0.0507657786251095,-0.032,-0.006));
#4997=CARTESIAN_POINT('',(0.0517657786251095,-0.032,-0.006));
#4998=CARTESIAN_POINT('',(-0.0762342213748905,0.047,-0.004));
#4999=CARTESIAN_POINT('',(-0.0762342213748905,0.047,-0.004));
#5000=CARTESIAN_POINT('',(-0.0762342213748905,0.047,-0.006));
#5001=CARTESIAN_POINT('',(-0.0762342213748905,0.047,-0.006));
#5002=CARTESIAN_POINT('',(-0.0762342213748905,0.045,-0.006));
#5003=CARTESIAN_POINT('',(-0.0762342213748905,0.045,-0.004));
#5004=CARTESIAN_POINT('',(-0.0737342213748905,0.047,-0.008));
#5005=CARTESIAN_POINT('',(-0.0737342213748905,0.045,-0.008));
#5006=CARTESIAN_POINT('',(-0.0742342213748905,0.045,-0.008));
#5007=CARTESIAN_POINT('',(-0.0732342213748905,0.045,-0.008));
#5008=CARTESIAN_POINT('',(-0.0742342213748905,0.047,-0.008));
#5009=CARTESIAN_POINT('',(-0.0742342213748905,0.047,-0.008));
#5010=CARTESIAN_POINT('',(-0.0737342213748905,0.047,-0.008));
#5011=CARTESIAN_POINT('',(-0.0732342213748905,0.047,-0.008));
#5012=CARTESIAN_POINT('',(-0.0732342213748905,0.045,-0.008));
#5013=CARTESIAN_POINT('',(-0.0737342213748905,0.047,-0.0055));
#5014=CARTESIAN_POINT('',(-0.0737342213748905,0.047,-0.0055));
#5015=CARTESIAN_POINT('',(-0.0737342213748905,0.047,-0.007));
#5016=CARTESIAN_POINT('',(-0.0737342213748905,0.045,-0.0055));
#5017=CARTESIAN_POINT('',(-0.0737342213748905,0.045,-0.007));
#5018=CARTESIAN_POINT('',(-0.0712342213748905,0.047,-0.004));
#5019=CARTESIAN_POINT('',(-0.0712342213748905,0.045,-0.004));
#5020=CARTESIAN_POINT('',(-0.0712342213748905,0.045,-0.006));
#5021=CARTESIAN_POINT('',(-0.0712342213748905,0.047,-0.006));
#5022=CARTESIAN_POINT('',(-0.0712342213748905,0.047,-0.006));
#5023=CARTESIAN_POINT('',(-0.0712342213748905,0.047,-0.004));
#5024=CARTESIAN_POINT('',(-0.0737342213748905,0.047,-0.004));
#5025=CARTESIAN_POINT('',(-0.0742342213748905,0.047,-0.006));
#5026=CARTESIAN_POINT('',(-0.0732342213748905,0.047,-0.006));
#5027=CARTESIAN_POINT('',(-0.0737342213748905,0.045,-0.004));
#5028=CARTESIAN_POINT('',(-0.0742342213748905,0.045,-0.006));
#5029=CARTESIAN_POINT('',(-0.0732342213748905,0.045,-0.006));
#5030=CARTESIAN_POINT('',(-0.0762342213748905,0.035,-0.004));
#5031=CARTESIAN_POINT('',(-0.0762342213748905,0.037,-0.004));
#5032=CARTESIAN_POINT('',(-0.0762342213748905,0.037,-0.006));
#5033=CARTESIAN_POINT('',(-0.0762342213748905,0.035,-0.006));
#5034=CARTESIAN_POINT('',(-0.0762342213748905,0.035,-0.006));
#5035=CARTESIAN_POINT('',(-0.0762342213748905,0.035,-0.004));
#5036=CARTESIAN_POINT('',(-0.0737342213748905,0.035,-0.008));
#5037=CARTESIAN_POINT('',(-0.0737342213748905,0.037,-0.008));
#5038=CARTESIAN_POINT('',(-0.0742342213748905,0.037,-0.008));
#5039=CARTESIAN_POINT('',(-0.0732342213748905,0.037,-0.008));
#5040=CARTESIAN_POINT('',(-0.0732342213748905,0.035,-0.008));
#5041=CARTESIAN_POINT('',(-0.0732342213748905,0.035,-0.008));
#5042=CARTESIAN_POINT('',(-0.0737342213748905,0.035,-0.008));
#5043=CARTESIAN_POINT('',(-0.0742342213748905,0.035,-0.008));
#5044=CARTESIAN_POINT('',(-0.0742342213748905,0.035,-0.008));
#5045=CARTESIAN_POINT('',(-0.0737342213748905,0.035,-0.0055));
#5046=CARTESIAN_POINT('',(-0.0737342213748905,0.035,-0.0055));
#5047=CARTESIAN_POINT('',(-0.0737342213748905,0.035,-0.007));
#5048=CARTESIAN_POINT('',(-0.0737342213748905,0.037,-0.0055));
#5049=CARTESIAN_POINT('',(-0.0737342213748905,0.037,-0.007));
#5050=CARTESIAN_POINT('',(-0.0712342213748905,0.035,-0.004));
#5051=CARTESIAN_POINT('',(-0.0712342213748905,0.035,-0.004));
#5052=CARTESIAN_POINT('',(-0.0712342213748905,0.035,-0.006));
#5053=CARTESIAN_POINT('',(-0.0712342213748905,0.037,-0.006));
#5054=CARTESIAN_POINT('',(-0.0712342213748905,0.037,-0.006));
#5055=CARTESIAN_POINT('',(-0.0712342213748905,0.037,-0.004));
#5056=CARTESIAN_POINT('',(-0.0737342213748905,0.035,-0.004));
#5057=CARTESIAN_POINT('',(-0.0732342213748905,0.035,-0.006));
#5058=CARTESIAN_POINT('',(-0.0742342213748905,0.035,-0.006));
#5059=CARTESIAN_POINT('',(-0.0737342213748905,0.037,-0.004));
#5060=CARTESIAN_POINT('',(-0.0732342213748905,0.037,-0.006));
#5061=CARTESIAN_POINT('',(-0.0742342213748905,0.037,-0.006));
#5062=CARTESIAN_POINT('',(0.0537657786251095,0.041,-0.004));
#5063=CARTESIAN_POINT('',(0.0537657786251095,0.039,-0.004));
#5064=CARTESIAN_POINT('',(0.0537657786251095,0.039,-0.006));
#5065=CARTESIAN_POINT('',(0.0537657786251095,0.041,-0.006));
#5066=CARTESIAN_POINT('',(0.0537657786251095,0.041,-0.006));
#5067=CARTESIAN_POINT('',(0.0537657786251095,0.041,-0.004));
#5068=CARTESIAN_POINT('',(0.0487657786251095,0.041,-0.004));
#5069=CARTESIAN_POINT('',(0.0487657786251095,0.041,-0.004));
#5070=CARTESIAN_POINT('',(0.0487657786251095,0.041,-0.006));
#5071=CARTESIAN_POINT('',(0.0487657786251095,0.039,-0.006));
#5072=CARTESIAN_POINT('',(0.0487657786251095,0.039,-0.006));
#5073=CARTESIAN_POINT('',(0.0487657786251095,0.039,-0.004));
#5074=CARTESIAN_POINT('',(0.0512657786251095,0.041,-0.008));
#5075=CARTESIAN_POINT('',(0.0512657786251095,0.039,-0.008));
#5076=CARTESIAN_POINT('',(0.0517657786251095,0.039,-0.008));
#5077=CARTESIAN_POINT('',(0.0507657786251095,0.039,-0.008));
#5078=CARTESIAN_POINT('',(0.0507657786251095,0.041,-0.008));
#5079=CARTESIAN_POINT('',(0.0507657786251095,0.041,-0.008));
#5080=CARTESIAN_POINT('',(0.0512657786251095,0.041,-0.008));
#5081=CARTESIAN_POINT('',(0.0517657786251095,0.041,-0.008));
#5082=CARTESIAN_POINT('',(0.0517657786251095,0.041,-0.008));
#5083=CARTESIAN_POINT('',(0.0512657786251095,0.041,-0.0055));
#5084=CARTESIAN_POINT('',(0.0512657786251095,0.041,-0.0055));
#5085=CARTESIAN_POINT('',(0.0512657786251095,0.041,-0.007));
#5086=CARTESIAN_POINT('',(0.0512657786251095,0.039,-0.0055));
#5087=CARTESIAN_POINT('',(0.0512657786251095,0.039,-0.007));
#5088=CARTESIAN_POINT('',(0.0512657786251095,0.041,-0.004));
#5089=CARTESIAN_POINT('',(0.0507657786251095,0.041,-0.006));
#5090=CARTESIAN_POINT('',(0.0517657786251095,0.041,-0.006));
#5091=CARTESIAN_POINT('',(0.0512657786251095,0.039,-0.004));
#5092=CARTESIAN_POINT('',(0.0507657786251095,0.039,-0.006));
#5093=CARTESIAN_POINT('',(0.0517657786251095,0.039,-0.006));
#5094=CARTESIAN_POINT('',(0.0537657786251095,0.031,-0.004));
#5095=CARTESIAN_POINT('',(0.0537657786251095,0.029,-0.004));
#5096=CARTESIAN_POINT('',(0.0537657786251095,0.029,-0.006));
#5097=CARTESIAN_POINT('',(0.0537657786251095,0.031,-0.006));
#5098=CARTESIAN_POINT('',(0.0537657786251095,0.031,-0.006));
#5099=CARTESIAN_POINT('',(0.0537657786251095,0.031,-0.004));
#5100=CARTESIAN_POINT('',(0.0487657786251095,0.031,-0.004));
#5101=CARTESIAN_POINT('',(0.0487657786251095,0.031,-0.004));
#5102=CARTESIAN_POINT('',(0.0487657786251095,0.031,-0.006));
#5103=CARTESIAN_POINT('',(0.0487657786251095,0.029,-0.006));
#5104=CARTESIAN_POINT('',(0.0487657786251095,0.029,-0.006));
#5105=CARTESIAN_POINT('',(0.0487657786251095,0.029,-0.004));
#5106=CARTESIAN_POINT('',(0.0512657786251095,0.031,-0.008));
#5107=CARTESIAN_POINT('',(0.0512657786251095,0.029,-0.008));
#5108=CARTESIAN_POINT('',(0.0517657786251095,0.029,-0.008));
#5109=CARTESIAN_POINT('',(0.0507657786251095,0.029,-0.008));
#5110=CARTESIAN_POINT('',(0.0507657786251095,0.031,-0.008));
#5111=CARTESIAN_POINT('',(0.0507657786251095,0.031,-0.008));
#5112=CARTESIAN_POINT('',(0.0512657786251095,0.031,-0.008));
#5113=CARTESIAN_POINT('',(0.0517657786251095,0.031,-0.008));
#5114=CARTESIAN_POINT('',(0.0517657786251095,0.031,-0.008));
#5115=CARTESIAN_POINT('',(0.0512657786251095,0.031,-0.0055));
#5116=CARTESIAN_POINT('',(0.0512657786251095,0.031,-0.0055));
#5117=CARTESIAN_POINT('',(0.0512657786251095,0.031,-0.007));
#5118=CARTESIAN_POINT('',(0.0512657786251095,0.029,-0.0055));
#5119=CARTESIAN_POINT('',(0.0512657786251095,0.029,-0.007));
#5120=CARTESIAN_POINT('',(0.0512657786251095,0.031,-0.004));
#5121=CARTESIAN_POINT('',(0.0507657786251095,0.031,-0.006));
#5122=CARTESIAN_POINT('',(0.0517657786251095,0.031,-0.006));
#5123=CARTESIAN_POINT('',(0.0512657786251095,0.029,-0.004));
#5124=CARTESIAN_POINT('',(0.0507657786251095,0.029,-0.006));
#5125=CARTESIAN_POINT('',(0.0517657786251095,0.029,-0.006));
#5126=CARTESIAN_POINT('',(0.0507657786251095,0.041,-0.006));
#5127=CARTESIAN_POINT('',(0.0517657786251095,0.041,-0.006));
#5128=CARTESIAN_POINT('',(0.0507657786251095,0.031,-0.006));
#5129=CARTESIAN_POINT('',(0.0517657786251095,0.031,-0.006));
#5130=CARTESIAN_POINT('',(-0.0742342213748905,0.047,-0.006));
#5131=CARTESIAN_POINT('',(-0.0732342213748905,0.047,-0.006));
#5132=CARTESIAN_POINT('',(-0.0732342213748905,0.035,-0.006));
#5133=CARTESIAN_POINT('',(-0.0742342213748905,0.035,-0.006));
#5134=CARTESIAN_POINT('',(-0.0664656093880229,0.0728329349971746,0.00826902740328482));
#5135=CARTESIAN_POINT('',(-0.0664656093880229,0.0728329349971746,0.0112880548065696));
#5136=CARTESIAN_POINT('',(-0.0664656093880229,0.0728329349971746,0.00525));
#5137=CARTESIAN_POINT('',(-0.05461361292697,0.0728329349971746,0.00826902740328482));
#5138=CARTESIAN_POINT('',(-0.05461361292697,0.0728329349971746,0.0112880548065696));
#5139=CARTESIAN_POINT('',(-0.05461361292697,0.0728329349971746,0.00525));
#5140=CARTESIAN_POINT('',(-0.0605396111574964,0.0728329349971746,0.0112880548065696));
#5141=CARTESIAN_POINT('',(-0.0605396111574964,0.0728329349971746,0.00525));
#5142=MECHANICAL_DESIGN_GEOMETRIC_PRESENTATION_REPRESENTATION('',(#2993),
#5143);
#5143=(
GEOMETRIC_REPRESENTATION_CONTEXT(3)
GLOBAL_UNCERTAINTY_ASSIGNED_CONTEXT((#5144))
GLOBAL_UNIT_ASSIGNED_CONTEXT((#5147,#5146,#5145))
REPRESENTATION_CONTEXT('Part 1','TOP_LEVEL_ASSEMBLY_PART')
);
#5144=UNCERTAINTY_MEASURE_WITH_UNIT(LENGTH_MEASURE(2.E-5),#5147,
'DISTANCE_ACCURACY_VALUE','Maximum Tolerance applied to model');
#5145=(
NAMED_UNIT(*)
SI_UNIT($,.STERADIAN.)
SOLID_ANGLE_UNIT()
);
#5146=(
NAMED_UNIT(*)
PLANE_ANGLE_UNIT()
SI_UNIT($,.RADIAN.)
);
#5147=(
LENGTH_UNIT()
NAMED_UNIT(*)
SI_UNIT($,.METRE.)
);
#5148=PRODUCT_DEFINITION_SHAPE('','',#5149);
#5149=PRODUCT_DEFINITION('','',#5151,#5150);
#5150=PRODUCT_DEFINITION_CONTEXT('',#5157,'design');
#5151=PRODUCT_DEFINITION_FORMATION_WITH_SPECIFIED_SOURCE('','',#5153,
 .NOT_KNOWN.);
#5152=PRODUCT_RELATED_PRODUCT_CATEGORY('','',(#5153));
#5153=PRODUCT('Part 1','Part 1','Part 1',(#5155));
#5154=PRODUCT_CATEGORY('','');
#5155=PRODUCT_CONTEXT('',#5157,'mechanical');
#5156=APPLICATION_PROTOCOL_DEFINITION('international standard',
'ap242_managed_model_based_3d_engineering',2011,#5157);
#5157=APPLICATION_CONTEXT('managed model based 3d engineering');
ENDSEC;
END-ISO-10303-21;
